--
-- PostgreSQL database dump
--

-- Dumped from database version 12.6
-- Dumped by pg_dump version 12.6

-- Started on 2021-07-02 21:05:13

SET statement_timeout = 0;
SET lock_timeout = 0;
SET idle_in_transaction_session_timeout = 0;
SET client_encoding = 'UTF8';
SET standard_conforming_strings = on;
SELECT pg_catalog.set_config('search_path', '', false);
SET check_function_bodies = false;
SET xmloption = content;
SET client_min_messages = warning;
SET row_security = off;

SET default_tablespace = '';

SET default_table_access_method = heap;

--
-- TOC entry 205 (class 1259 OID 73744)
-- Name: user_account; Type: TABLE; Schema: public; Owner: postgres
--

CREATE TABLE public.user_account (
    id bigint NOT NULL,
    users character varying(255),
    password character varying(255),
    display_name character varying(255),
    address character varying(255),
    status integer
);


ALTER TABLE public.user_account OWNER TO postgres;

--
-- TOC entry 206 (class 1259 OID 73752)
-- Name: User_account_id_seq; Type: SEQUENCE; Schema: public; Owner: postgres
--

ALTER TABLE public.user_account ALTER COLUMN id ADD GENERATED ALWAYS AS IDENTITY (
    SEQUENCE NAME public."User_account_id_seq"
    START WITH 1
    INCREMENT BY 1
    NO MINVALUE
    NO MAXVALUE
    CACHE 1
);


--
-- TOC entry 208 (class 1259 OID 90161)
-- Name: billdetail; Type: TABLE; Schema: public; Owner: postgres
--

CREATE TABLE public.billdetail (
    id bigint NOT NULL,
    id_product bigint,
    id_bills bigint,
    quantity integer,
    total numeric
);


ALTER TABLE public.billdetail OWNER TO postgres;

--
-- TOC entry 209 (class 1259 OID 90169)
-- Name: billdetail_id_seq; Type: SEQUENCE; Schema: public; Owner: postgres
--

ALTER TABLE public.billdetail ALTER COLUMN id ADD GENERATED ALWAYS AS IDENTITY (
    SEQUENCE NAME public.billdetail_id_seq
    START WITH 1
    INCREMENT BY 1
    NO MINVALUE
    NO MAXVALUE
    CACHE 1
);


--
-- TOC entry 207 (class 1259 OID 90153)
-- Name: bills; Type: TABLE; Schema: public; Owner: postgres
--

CREATE TABLE public.bills (
    id bigint NOT NULL,
    users character varying(255),
    phone numeric,
    display_name character varying(255),
    address character varying(255),
    total numeric,
    quantity integer,
    note character varying(255),
    status bigint,
    id_users bigint NOT NULL
);


ALTER TABLE public.bills OWNER TO postgres;

--
-- TOC entry 210 (class 1259 OID 90171)
-- Name: bills_id_seq; Type: SEQUENCE; Schema: public; Owner: postgres
--

ALTER TABLE public.bills ALTER COLUMN id ADD GENERATED ALWAYS AS IDENTITY (
    SEQUENCE NAME public.bills_id_seq
    START WITH 1
    INCREMENT BY 1
    NO MINVALUE
    NO MAXVALUE
    CACHE 1
);


--
-- TOC entry 211 (class 1259 OID 131109)
-- Name: blog; Type: TABLE; Schema: public; Owner: postgres
--

CREATE TABLE public.blog (
    id bigint NOT NULL,
    name character varying(255),
    title character varying(255),
    description character varying(255),
    detail character varying(255),
    images character varying(255),
    create_by character varying(255),
    create_at date,
    comment character varying(255),
    status integer
);


ALTER TABLE public.blog OWNER TO postgres;

--
-- TOC entry 212 (class 1259 OID 139300)
-- Name: blog_id_seq; Type: SEQUENCE; Schema: public; Owner: postgres
--

ALTER TABLE public.blog ALTER COLUMN id ADD GENERATED ALWAYS AS IDENTITY (
    SEQUENCE NAME public.blog_id_seq
    START WITH 1
    INCREMENT BY 1
    NO MINVALUE
    NO MAXVALUE
    CACHE 1
);


--
-- TOC entry 204 (class 1259 OID 40976)
-- Name: menus; Type: TABLE; Schema: public; Owner: postgres
--

CREATE TABLE public.menus (
    id integer NOT NULL,
    name character varying(255) NOT NULL,
    url character varying(255)
);


ALTER TABLE public.menus OWNER TO postgres;

--
-- TOC entry 202 (class 1259 OID 16406)
-- Name: products; Type: TABLE; Schema: public; Owner: postgres
--

CREATE TABLE public.products (
    id bigint NOT NULL,
    title character varying(255) NOT NULL,
    description character varying(255),
    price numeric NOT NULL,
    price_net numeric DEFAULT 0 NOT NULL,
    available integer DEFAULT 0 NOT NULL,
    sold integer DEFAULT 0 NOT NULL,
    deal_timer date DEFAULT CURRENT_TIMESTAMP NOT NULL,
    discount smallint DEFAULT 0 NOT NULL,
    image character varying(255) NOT NULL,
    cover boolean DEFAULT false NOT NULL,
    hot_deal boolean DEFAULT false NOT NULL,
    hot_new boolean DEFAULT false NOT NULL,
    hot_best boolean DEFAULT false NOT NULL,
    trend boolean DEFAULT false NOT NULL,
    latest_review boolean DEFAULT false NOT NULL,
    id_category integer NOT NULL,
    detail character varying(2550),
    infor character varying(255),
    content character varying(2550),
    hot_hot boolean,
    price_children numeric NOT NULL,
    price_child numeric NOT NULL,
    price_infant numeric NOT NULL,
    schedule1 character varying(50000),
    schedule2 character varying(50000),
    schedule3 character varying(50000),
    price_adult numeric
);


ALTER TABLE public.products OWNER TO postgres;

--
-- TOC entry 203 (class 1259 OID 16423)
-- Name: products_id_seq; Type: SEQUENCE; Schema: public; Owner: postgres
--

CREATE SEQUENCE public.products_id_seq
    AS integer
    START WITH 1
    INCREMENT BY 1
    NO MINVALUE
    NO MAXVALUE
    CACHE 1;


ALTER TABLE public.products_id_seq OWNER TO postgres;

--
-- TOC entry 2890 (class 0 OID 0)
-- Dependencies: 203
-- Name: products_id_seq; Type: SEQUENCE OWNED BY; Schema: public; Owner: postgres
--

ALTER SEQUENCE public.products_id_seq OWNED BY public.products.id;


--
-- TOC entry 2731 (class 2604 OID 73781)
-- Name: products id; Type: DEFAULT; Schema: public; Owner: postgres
--

ALTER TABLE ONLY public.products ALTER COLUMN id SET DEFAULT nextval('public.products_id_seq'::regclass);


--
-- TOC entry 2880 (class 0 OID 90161)
-- Dependencies: 208
-- Data for Name: billdetail; Type: TABLE DATA; Schema: public; Owner: postgres
--

COPY public.billdetail (id, id_product, id_bills, quantity, total) FROM stdin;
30	11	35	1	3300000.0
31	11	36	1	3300000.0
32	11	37	1	3300000.0
33	11	38	1	3300000.0
34	5	39	1	6300000.0
35	9	39	1	7800000.0
\.


--
-- TOC entry 2879 (class 0 OID 90153)
-- Dependencies: 207
-- Data for Name: bills; Type: TABLE DATA; Schema: public; Owner: postgres
--

COPY public.bills (id, users, phone, display_name, address, total, quantity, note, status, id_users) FROM stdin;
37	thuong@gmail.com	347310659	thuong	36 đường 22 phước long b quận 9	3300000.0	1	sa	1	59
38	thuong@gmail.com	347310659	thuong	36 đường 22 phước long b quận 9	3300000.0	1	sa	1	59
39	thuong@gmail.com	347310659	thuong	36 đường 22 phước long b quận 9	14100000	2	sa	2	59
36	thuong@gmail.com	347310659	thuong	36 đường 22 phước long b quận 9	3300000.0	1	sa	0	59
35	thuong@gmail.com	347310659	thuong	36 đường 22 phước long b quận 9	3300000.0	1	sa	1	59
\.


--
-- TOC entry 2883 (class 0 OID 131109)
-- Dependencies: 211
-- Data for Name: blog; Type: TABLE DATA; Schema: public; Owner: postgres
--

COPY public.blog (id, name, title, description, detail, images, create_by, create_at, comment, status) FROM stdin;
1	Những tour có lượt đi cao nhất 2021	Sapa – Thành phố sương mù.	Chuyến đi ý nghĩa trong năm 2021	Nó quá hấp dẫn khiến tôi cực kì thích thú, nếu có lần sau tôi sẽ chọn trang web này.	sapa_blog.jpg	Ngô Tấn Dũng	2021-07-02	Du lịch Sapa ngắm cảnh mây trời	0
2	Những địa điểm hot nhất 2021	Khám phá hang sơn đoòng	Chuyến đi này tôi sẽ nhớ mãi vì đó là trải nghiệm không thẻ nào quên của tôi.	Nó quá hấp dẫn khiến tôi cực kì thích thú, nếu có lần sau tôi sẽ chọn trang web này.	Hang_son_doong_blog.jpg	Nguyễn Văn Hậu	2021-07-02	Du lịch Hang Sơn Đoòng tham quan kì quan	\N
3	Chuyến đi ý nghĩa năm 2021	Tham quan đảo lí sơn	Chuyến đi này tôi sẽ nhớ mãi vì đó là trải nghiệm không thẻ nào quên của tôi.	Nó quá hấp dẫn khiến tôi cực kì thích thú, nếu có lần sau tôi sẽ chọn trang web này.	li_son_blog.jpg	Long Ghin	2021-07-02	Du lịch Lý Sơn cho du khách như bức hình cực chất	\N
4	Địa danh không thể bỏ qua	Quê hương xứ nẫu 	Chuyến đi này tôi sẽ nhớ mãi vì đó là trải nghiệm không thẻ nào quên của tôi.	Nó quá hấp dẫn khiến tôi cực kì thích thú, nếu có lần sau tôi sẽ chọn trang web này.	phu_yen_blog.jpg	Anh Dũng	2021-07-02	Du lịch Phú yên cho những tín đồ mê check in	\N
5	Chuyến đi về miền Tây	Về miền tây An Giang	Chuyến đi này tôi sẽ nhớ mãi vì đó là trải nghiệm không thẻ nào quên của tôi.	Nó quá hấp dẫn khiến tôi cực kì thích thú, nếu có lần sau tôi sẽ chọn trang web này.	an_giang_blog.jpg	Anh Quốc	2021-07-02	Du lịch An Giang là về với miền sông nước	\N
6	Niềm đam mê biển đảo	Đảo ngọc phú quốc	Chuyến đi này tôi sẽ nhớ mãi vì đó là trải nghiệm không thẻ nào quên của tôi.	Nó quá hấp dẫn khiến tôi cực kì thích thú, nếu có lần sau tôi sẽ chọn trang web này.	dao_ngoc_blog.jpg	Anh Bon	2021-07-02	Đảo Ngọc Phú Quốc làm ai đến cũng mê	\N
\.


--
-- TOC entry 2876 (class 0 OID 40976)
-- Dependencies: 204
-- Data for Name: menus; Type: TABLE DATA; Schema: public; Owner: postgres
--

COPY public.menus (id, name, url) FROM stdin;
1	Trang chủ	http://localhost:8080/Traversal/
3	Đăng ký	http://localhost:8080/Traversal/dang-ky
2	Thanh toán	http://localhost:8080/Traversal/checkout
4	Đăng nhập	http://localhost:8080/Traversal/dang-nhap
5	Giỏ hàng	http://localhost:8080/Traversal/gio-hang
6	Bài viết	http://localhost:8080/Traversal/blog
\.


--
-- TOC entry 2874 (class 0 OID 16406)
-- Dependencies: 202
-- Data for Name: products; Type: TABLE DATA; Schema: public; Owner: postgres
--

COPY public.products (id, title, description, price, price_net, available, sold, deal_timer, discount, image, cover, hot_deal, hot_new, hot_best, trend, latest_review, id_category, detail, infor, content, hot_hot, price_children, price_child, price_infant, schedule1, schedule2, schedule3, price_adult) FROM stdin;
5	Tour Du Lịch Đà Nẵng	3 ngày, 3 đêm	6400000.0	6300000.0	1	12	2021-06-28	20	da_nang_3.jpg	t	t	t	f	f	f	1	<p>03 đ&ecirc;m/ 4 đ&ecirc;m nghỉ tại kh&aacute;ch sạn (Miễn ph&iacute; bữa s&aacute;ng).</p>\r\n\r\n<p>&nbsp;</p>\r\n\r\n<p>Combo Đ&agrave; Nẵng l&agrave; một h&igrave;nh thức mang đến cảm gi&aacute;c cho bạn v&agrave; qu&yacute; kh&aacute;ch kh&ocirc;ng bị g&ograve; b&oacute; trong những lịch tr&igrave;nh tour c&oacute; sẵn.</p>\r\n\r\n<p>&nbsp;</p>\r\n\r\n<p>Du kh&aacute;ch thỏa sức l&ecirc;n kế hoạch cho chuyến đi của m&igrave;nh: Ở đ&acirc;u, ăn g&igrave;, chơi như thế n&agrave;o&hellip; lựa chọn đặt combo du lịch Đ&agrave; Nẵng ch&iacute;nh l&agrave; phương &aacute;n tốt nhất để tiết kiệm thời gian, c&ocirc;ng sức cho kh&aacute;ch du lịch m&agrave; vẫn kh&ocirc;ng l&agrave;m chuyến kh&aacute;m ph&aacute; của qu&yacute; kh&aacute;ch k&eacute;m đi phần th&uacute; vị.</p>\r\n	Sài gòn	Combo du lịch Đà Nẵng 3N3Đ khách sạn 4 sao từ Sài Gòn giá tốt 2021	f	5700000.0	2400000.0	300000.0	<p style="text-align:justify">S&aacute;ng: Qu&yacute; kh&aacute;ch c&oacute; mặt tại ga S&agrave;i G&ograve;n, s&acirc;n bay T&acirc;n Sơn Nhất trước giờ bay &iacute;t nhất ba tiếng.</p>\r\n\r\n<p style="text-align:justify">&nbsp;</p>\r\n\r\n<p style="text-align:justify">Đại diện c&ocirc;ng ty Du Lịch Traversal đ&oacute;n v&agrave; hỗ trợ Qu&yacute; kh&aacute;ch l&agrave;m thủ tục đ&oacute;n chuyến bay đi Đ&agrave; Lạt. Đến s&acirc;n bay Đ&agrave; Lạt, Hướng dẫn vi&ecirc;n đ&oacute;n Qu&yacute; kh&aacute;ch khởi h&agrave;nh đến Đ&agrave; Lạt.</p>\r\n\r\n<p style="text-align:justify">&nbsp;</p>\r\n\r\n<p style="text-align:justify">Trưa: Tr&ecirc;n đường dừng ch&acirc;n, d&ugrave;ng cơm trưa. Đo&agrave;n tiếp tục khởi h&agrave;nh đến Đ&agrave; Lạt &ndash; nơi c&oacute; những con đường đ&egrave;o, cứ nối nhau quanh co uốn lượn, nơi c&oacute; những con người d&acirc;n tộc ch&acirc;n chất, mặc d&ugrave; cuộc sống ngh&egrave;o khổ nhưng tr&ecirc;n m&ocirc;i lu&ocirc;n nở nụ cười.</p>\r\n\r\n<p style="text-align:justify">&nbsp;</p>\r\n\r\n<p style="text-align:justify">Tối: D&ugrave;ng cơm tối. Nghỉ đ&ecirc;m Kh&aacute;ch sạn 4 sao.</p>\r\n	<p>S&aacute;ng: D&ugrave;ng bữa s&aacute;ng.</p>\r\n\r\n<p>&nbsp;</p>\r\n\r\n<p>Rời th&agrave;nh phố, đường l&ecirc;n Quản Bạ mở ra giữa hai b&ecirc;n v&aacute;ch n&uacute;i cao chất ngất, vượt v&ograve;ng cua kh&uacute;c khuỷu, đi l&ecirc;n đ&egrave;o Pắc Sum. Đo&agrave;n dừng ch&acirc;n ngắm cảnh v&agrave; chụp ảnh tại dốc Bắc Sum. L&ecirc;n đến Cổng Trời Quảng Bạ, Qu&yacute; kh&aacute;ch c&oacute; thể ngắm nh&igrave;n thị trấn Tam Sơn thơ mộng. N&uacute;i đ&ocirc;i Quản Bạ hiện l&ecirc;n giữa những n&uacute;i đ&aacute; tr&ugrave;ng điệp v&agrave; ruộng bậc thang với h&igrave;nh d&aacute;ng, thế đứng ngồ ngộ khiến du kh&aacute;ch kh&ocirc;ng khỏi ngỡ ng&agrave;ng trước vẻ đẹp kỳ vĩ của tạo ho&aacute;. Hai tr&aacute;i n&uacute;i gắn với truyền thuyết &ldquo;N&uacute;i C&ocirc; Ti&ecirc;n&rdquo; rất thi vị. Đến thăm L&agrave;ng dệt thổ cẩm truyền thống L&ugrave;ng T&aacute;m, nơi sinh sống của đồng b&agrave;o H&rsquo;M&ocirc;ng với nghề dệt thổ cẩm l&acirc;u đời. Đo&agrave;n khởi h&agrave;nh đi Y&ecirc;n Minh.</p>\r\n\r\n<p>&nbsp;</p>\r\n\r\n<p>Trưa: D&ugrave;ng cơm trưa.</p>\r\n\r\n<p>Gh&eacute; thăm Phố C&aacute;o, với những ng&ocirc;i nh&agrave; tường m&agrave;u đất v&agrave;ng đặc trưng, cổng gỗ nằm trong h&agrave;ng r&agrave;o đ&aacute; &ndash; n&eacute;t đặc trưng của v&ugrave;ng cao nguy&ecirc;n đ&aacute; với bốn d&acirc;n tộc M&ocirc;ng, H&aacute;n, Dao, Pu P&eacute;o. Từ hướng Y&ecirc;n Minh l&ecirc;n thị trấn Đồng Văn, đến ng&atilde; ba Ph&oacute; Bảng, khi đến đỉnh đ&egrave;o nơi ng&atilde; ba đi về Ph&oacute; Bảng, du kh&aacute;ch c&oacute; thể nh&igrave;n thấy to&agrave;n cảnh Sủng L&agrave; ph&iacute;a dưới thung lũng. Từ tr&ecirc;n con đường vắt vẻo lưng chừng trời nh&igrave;n xuống, qu&yacute; kh&aacute;ch được dịp chi&ecirc;m ngưỡng một bức tranh thi&ecirc;n nhi&ecirc;n thanh b&igrave;nh, xinh đẹp. Đến Sủng L&agrave; thăm nh&agrave; cổ H&rsquo;mong nơi quay bộ phim &quot;Chuyện của Pao&quot;. Đo&agrave;n đến khu di t&iacute;ch nh&agrave; vua m&egrave;o Vương Ch&iacute; S&igrave;nh một dinh thự của bậc đế vương xưa, l&agrave; một c&ocirc;ng tr&igrave;nh c&oacute; kiến tr&uacute;c đẹp, hiếm c&oacute; v&agrave; rất độc đ&aacute;o của H&agrave; Giang. Qu&yacute; kh&aacute;ch đến tham quan cột cờ Lũng C&uacute;, mảnh đất địa đầu Tổ quốc. Đứng tr&ecirc;n đỉnh cột cờ, Qu&yacute; kh&aacute;ch sẽ thấy to&agrave;n bộ l&agrave;ng văn h&oacute;a L&ocirc; L&ocirc;, ph&oacute;ng xa tầm mắt sẽ thấy những con đường nhỏ x&iacute;u, uốn lượn quanh những c&aacute;nh đồng l&uacute;a, những ng&ocirc;i nh&agrave; nh&agrave; lọt thỏm giữa m&agrave;u xanh của c&acirc;y cối.</p>\r\n\r\n<p>&nbsp;</p>\r\n\r\n<p>Tối: D&ugrave;ng cơm tối.</p>\r\n\r\n<p>Nghỉ đ&ecirc;m tại Kh&aacute;ch sạn 4 sao.</p>\r\n	<p>S&aacute;ng: D&ugrave;ng bữa s&aacute;ng Rời Kh&aacute;ch sạn đi tham quan danh lam thắng cảnh tuyệt đẹp c&oacute; tại Đ&agrave; Lạt</p>\r\n\r\n<p>&nbsp;</p>\r\n\r\n<p>Trưa: D&ugrave;ng bữa trưa Nghĩ ngơi sao đ&oacute; tiếp tục kh&aacute;m ph&aacute; những nơi tuyệt đẹp tại nơi đ&acirc;y</p>\r\n\r\n<p>&nbsp;</p>\r\n\r\n<p>Tối: Ăn tối L&ecirc;n xe để quay về Kết th&uacute;c chuyến đi.</p>\r\n	8399000
11	Tour Du Lịch Miền Quê 	3 ngày, 3 đêm	3400000.0	3300000.0	13	7	2021-06-28	20	mien_que_2.jpg	t	t	t	f	f	f	1	<p>03 đ&ecirc;m/ 4 đ&ecirc;m nghỉ tại kh&aacute;ch sạn (Miễn ph&iacute; bữa s&aacute;ng).</p>\r\n\r\n<p>&nbsp;</p>\r\n\r\n<p>Combo Miền qu&ecirc; l&agrave; một h&igrave;nh thức mang đến cảm gi&aacute;c cho bạn v&agrave; qu&yacute; kh&aacute;ch kh&ocirc;ng bị g&ograve; b&oacute; trong những lịch tr&igrave;nh tour c&oacute; sẵn.</p>\r\n\r\n<p>&nbsp;</p>\r\n\r\n<p>Du kh&aacute;ch thỏa sức l&ecirc;n kế hoạch cho chuyến đi của m&igrave;nh: Ở đ&acirc;u, ăn g&igrave;, chơi như thế n&agrave;o&hellip; lựa chọn đặt combo du lịch Miền Qu&ecirc; ch&iacute;nh l&agrave; phương &aacute;n tốt nhất để tiết kiệm thời gian, c&ocirc;ng sức cho kh&aacute;ch du lịch m&agrave; vẫn kh&ocirc;ng l&agrave;m chuyến kh&aacute;m ph&aacute; của qu&yacute; kh&aacute;ch k&eacute;m đi phần th&uacute; vị.</p>\r\n	Sài gòn	Combo du lịch Miền Quê 3N3Đ khách sạn 4 sao từ Sài Gòn giá tốt 2021	f	5700000.0	2400000.0	300000.0	<p>S&aacute;ng: Qu&yacute; kh&aacute;ch c&oacute; mặt tại ga S&agrave;i G&ograve;n, s&acirc;n bay T&acirc;n Sơn Nhất trước giờ bay &iacute;t nhất ba tiếng.</p>\r\n\r\n<p>&nbsp;</p>\r\n\r\n<p>Đại diện c&ocirc;ng ty Du Lịch Traversal đ&oacute;n v&agrave; hỗ trợ Qu&yacute; kh&aacute;ch l&agrave;m thủ tục đ&oacute;n chuyến bay đi Đ&agrave; Lạt. Đến s&acirc;n bay Đ&agrave; Lạt, Hướng dẫn vi&ecirc;n đ&oacute;n Qu&yacute; kh&aacute;ch khởi h&agrave;nh đến Đ&agrave; Lạt.</p>\r\n\r\n<p>&nbsp;</p>\r\n\r\n<p>Trưa: Tr&ecirc;n đường dừng ch&acirc;n, d&ugrave;ng cơm trưa. Đo&agrave;n tiếp tục khởi h&agrave;nh đến Đ&agrave; Lạt &ndash; nơi c&oacute; những con đường đ&egrave;o, cứ nối nhau quanh co uốn lượn, nơi c&oacute; những con người d&acirc;n tộc ch&acirc;n chất, mặc d&ugrave; cuộc sống ngh&egrave;o khổ nhưng tr&ecirc;n m&ocirc;i lu&ocirc;n nở nụ cười.</p>\r\n\r\n<p>&nbsp;</p>\r\n\r\n<p>Tối: D&ugrave;ng cơm tối. Nghỉ đ&ecirc;m Kh&aacute;ch sạn 4 sao.</p>\r\n	<p>S&aacute;ng: D&ugrave;ng bữa s&aacute;ng.</p>\r\n\r\n<p>&nbsp;</p>\r\n\r\n<p>Rời th&agrave;nh phố, đường l&ecirc;n Quản Bạ mở ra giữa hai b&ecirc;n v&aacute;ch n&uacute;i cao chất ngất, vượt v&ograve;ng cua kh&uacute;c khuỷu, đi l&ecirc;n đ&egrave;o Pắc Sum. Đo&agrave;n dừng ch&acirc;n ngắm cảnh v&agrave; chụp ảnh tại dốc Bắc Sum. L&ecirc;n đến Cổng Trời Quảng Bạ, Qu&yacute; kh&aacute;ch c&oacute; thể ngắm nh&igrave;n thị trấn Tam Sơn thơ mộng. N&uacute;i đ&ocirc;i Quản Bạ hiện l&ecirc;n giữa những n&uacute;i đ&aacute; tr&ugrave;ng điệp v&agrave; ruộng bậc thang với h&igrave;nh d&aacute;ng, thế đứng ngồ ngộ khiến du kh&aacute;ch kh&ocirc;ng khỏi ngỡ ng&agrave;ng trước vẻ đẹp kỳ vĩ của tạo ho&aacute;. Hai tr&aacute;i n&uacute;i gắn với truyền thuyết &ldquo;N&uacute;i C&ocirc; Ti&ecirc;n&rdquo; rất thi vị. Đến thăm L&agrave;ng dệt thổ cẩm truyền thống L&ugrave;ng T&aacute;m, nơi sinh sống của đồng b&agrave;o H&rsquo;M&ocirc;ng với nghề dệt thổ cẩm l&acirc;u đời. Đo&agrave;n khởi h&agrave;nh đi Y&ecirc;n Minh</p>\r\n\r\n<p>&nbsp;</p>\r\n\r\n<p>Trưa: D&ugrave;ng cơm trưa.</p>\r\n\r\n<p>&nbsp;</p>\r\n\r\n<p>Gh&eacute; thăm Phố C&aacute;o, với những ng&ocirc;i nh&agrave; tường m&agrave;u đất v&agrave;ng đặc trưng, cổng gỗ nằm trong h&agrave;ng r&agrave;o đ&aacute; &ndash; n&eacute;t đặc trưng của v&ugrave;ng cao nguy&ecirc;n đ&aacute; với bốn d&acirc;n tộc M&ocirc;ng, H&aacute;n, Dao, Pu P&eacute;o. Từ hướng Y&ecirc;n Minh l&ecirc;n thị trấn Đồng Văn, đến ng&atilde; ba Ph&oacute; Bảng, khi đến đỉnh đ&egrave;o nơi ng&atilde; ba đi về Ph&oacute; Bảng, du kh&aacute;ch c&oacute; thể nh&igrave;n thấy to&agrave;n cảnh Sủng L&agrave; ph&iacute;a dưới thung lũng. Từ tr&ecirc;n con đường vắt vẻo lưng chừng trời nh&igrave;n xuống, qu&yacute; kh&aacute;ch được dịp chi&ecirc;m ngưỡng một bức tranh thi&ecirc;n nhi&ecirc;n thanh b&igrave;nh, xinh đẹp. Đến Sủng L&agrave; thăm nh&agrave; cổ H&rsquo;mong nơi quay bộ phim &quot;Chuyện của Pao&quot;. Đo&agrave;n đến khu di t&iacute;ch nh&agrave; vua m&egrave;o Vương Ch&iacute; S&igrave;nh một dinh thự của bậc đế vương xưa, l&agrave; một c&ocirc;ng tr&igrave;nh c&oacute; kiến tr&uacute;c đẹp, hiếm c&oacute; v&agrave; rất độc đ&aacute;o của H&agrave; Giang. Qu&yacute; kh&aacute;ch đến tham quan cột cờ Lũng C&uacute;, mảnh đất địa đầu Tổ quốc. Đứng tr&ecirc;n đỉnh cột cờ, Qu&yacute; kh&aacute;ch sẽ thấy to&agrave;n bộ l&agrave;ng văn h&oacute;a L&ocirc; L&ocirc;, ph&oacute;ng xa tầm mắt sẽ thấy những con đường nhỏ x&iacute;u, uốn lượn quanh những c&aacute;nh đồng l&uacute;a, những ng&ocirc;i nh&agrave; nh&agrave; lọt thỏm giữa m&agrave;u xanh của c&acirc;y cối.</p>\r\n\r\n<p>&nbsp;</p>\r\n\r\n<p>Tối: D&ugrave;ng cơm tối. Nghỉ đ&ecirc;m tại Kh&aacute;ch sạn 4 sao.</p>\r\n	<p>S&aacute;ng: D&ugrave;ng bữa s&aacute;ng Rời Kh&aacute;ch sạn đi tham quan danh lam thắng cảnh tuyệt đẹp c&oacute; tại Đ&agrave; Lạt</p>\r\n\r\n<p>&nbsp;</p>\r\n\r\n<p>Trưa: D&ugrave;ng bữa trưa Nghĩ ngơi sao đ&oacute; tiếp tục kh&aacute;m ph&aacute; những nơi tuyệt đẹp tại nơi đ&acirc;y</p>\r\n\r\n<p>&nbsp;</p>\r\n\r\n<p>Tối: Ăn tối L&ecirc;n xe để quay về Kết th&uacute;c chuyến đi.</p>\r\n	8399000
12	Tour Du Lịch Vịnh Hạ Long	3 ngày, 3 đêm	4300000.0	4200000.0	12	8	2021-06-28	20	vinh-Ha-Long.jpg	t	t	t	f	f	f	1	<p>03 đ&ecirc;m/ 4 đ&ecirc;m nghỉ tại kh&aacute;ch sạn (Miễn ph&iacute; bữa s&aacute;ng).</p>\r\n\r\n<p>&nbsp;</p>\r\n\r\n<p>Combo Bu&ocirc;n M&ecirc; Thuột l&agrave; một h&igrave;nh thức mang đến cảm gi&aacute;c cho bạn v&agrave; qu&yacute; kh&aacute;ch kh&ocirc;ng bị g&ograve; b&oacute; trong những lịch tr&igrave;nh tour c&oacute; sẵn.</p>\r\n\r\n<p>&nbsp;</p>\r\n\r\n<p>Du kh&aacute;ch thỏa sức l&ecirc;n kế hoạch cho chuyến đi của m&igrave;nh: Ở đ&acirc;u, ăn g&igrave;, chơi như thế n&agrave;o&hellip; lựa chọn đặt combo du lịch Bu&ocirc;n M&ecirc; Thuột ch&iacute;nh l&agrave; phương &aacute;n tốt nhất để tiết kiệm thời gian, c&ocirc;ng sức cho kh&aacute;ch du lịch m&agrave; vẫn kh&ocirc;ng l&agrave;m chuyến kh&aacute;m ph&aacute; của qu&yacute; kh&aacute;ch k&eacute;m đi phần th&uacute; vị.</p>\r\n	Sài gòn	Combo du lịch Buôn Mê 3N3Đ khách sạn 4 sao từ Sài Gòn giá tốt 2021	f	5700000.0	2400000.0	300000.0	<p>S&aacute;ng: Qu&yacute; kh&aacute;ch c&oacute; mặt tại ga S&agrave;i G&ograve;n, s&acirc;n bay T&acirc;n Sơn Nhất trước giờ bay &iacute;t nhất ba tiếng.</p>\r\n\r\n<p>&nbsp;</p>\r\n\r\n<p>Đại diện c&ocirc;ng ty Du Lịch Traversal đ&oacute;n v&agrave; hỗ trợ Qu&yacute; kh&aacute;ch l&agrave;m thủ tục đ&oacute;n chuyến bay đi Đ&agrave; Lạt. Đến s&acirc;n bay Đ&agrave; Lạt, Hướng dẫn vi&ecirc;n đ&oacute;n Qu&yacute; kh&aacute;ch khởi h&agrave;nh đến Đ&agrave; Lạt.</p>\r\n\r\n<p>&nbsp;</p>\r\n\r\n<p>Trưa: Tr&ecirc;n đường dừng ch&acirc;n, d&ugrave;ng cơm trưa. Đo&agrave;n tiếp tục khởi h&agrave;nh đến Đ&agrave; Lạt &ndash; nơi c&oacute; những con đường đ&egrave;o, cứ nối nhau quanh co uốn lượn, nơi c&oacute; những con người d&acirc;n tộc ch&acirc;n chất, mặc d&ugrave; cuộc sống ngh&egrave;o khổ nhưng tr&ecirc;n m&ocirc;i lu&ocirc;n nở nụ cười.</p>\r\n\r\n<p>&nbsp;</p>\r\n\r\n<p>Tối: D&ugrave;ng cơm tối. Nghỉ đ&ecirc;m Kh&aacute;ch sạn 4 sao.</p>\r\n	<p>S&aacute;ng: D&ugrave;ng bữa s&aacute;ng.</p>\r\n\r\n<p>&nbsp;</p>\r\n\r\n<p>Rời th&agrave;nh phố, đường l&ecirc;n Quản Bạ mở ra giữa hai b&ecirc;n v&aacute;ch n&uacute;i cao chất ngất, vượt v&ograve;ng cua kh&uacute;c khuỷu, đi l&ecirc;n đ&egrave;o Pắc Sum. Đo&agrave;n dừng ch&acirc;n ngắm cảnh v&agrave; chụp ảnh tại dốc Bắc Sum. L&ecirc;n đến Cổng Trời Quảng Bạ, Qu&yacute; kh&aacute;ch c&oacute; thể ngắm nh&igrave;n thị trấn Tam Sơn thơ mộng. N&uacute;i đ&ocirc;i Quản Bạ hiện l&ecirc;n giữa những n&uacute;i đ&aacute; tr&ugrave;ng điệp v&agrave; ruộng bậc thang với h&igrave;nh d&aacute;ng, thế đứng ngồ ngộ khiến du kh&aacute;ch kh&ocirc;ng khỏi ngỡ ng&agrave;ng trước vẻ đẹp kỳ vĩ của tạo ho&aacute;. Hai tr&aacute;i n&uacute;i gắn với truyền thuyết &ldquo;N&uacute;i C&ocirc; Ti&ecirc;n&rdquo; rất thi vị. Đến thăm L&agrave;ng dệt thổ cẩm truyền thống L&ugrave;ng T&aacute;m, nơi sinh sống của đồng b&agrave;o H&rsquo;M&ocirc;ng với nghề dệt thổ cẩm l&acirc;u đời. Đo&agrave;n khởi h&agrave;nh đi Y&ecirc;n Minh.</p>\r\n\r\n<p>&nbsp;</p>\r\n\r\n<p>Trưa: D&ugrave;ng cơm trưa.</p>\r\n\r\n<p>&nbsp;</p>\r\n\r\n<p>Gh&eacute; thăm Phố C&aacute;o, với những ng&ocirc;i nh&agrave; tường m&agrave;u đất v&agrave;ng đặc trưng, cổng gỗ nằm trong h&agrave;ng r&agrave;o đ&aacute; &ndash; n&eacute;t đặc trưng của v&ugrave;ng cao nguy&ecirc;n đ&aacute; với bốn d&acirc;n tộc M&ocirc;ng, H&aacute;n, Dao, Pu P&eacute;o. Từ hướng Y&ecirc;n Minh l&ecirc;n thị trấn Đồng Văn, đến ng&atilde; ba Ph&oacute; Bảng, khi đến đỉnh đ&egrave;o nơi ng&atilde; ba đi về Ph&oacute; Bảng, du kh&aacute;ch c&oacute; thể nh&igrave;n thấy to&agrave;n cảnh Sủng L&agrave; ph&iacute;a dưới thung lũng. Từ tr&ecirc;n con đường vắt vẻo lưng chừng trời nh&igrave;n xuống, qu&yacute; kh&aacute;ch được dịp chi&ecirc;m ngưỡng một bức tranh thi&ecirc;n nhi&ecirc;n thanh b&igrave;nh, xinh đẹp. Đến Sủng L&agrave; thăm nh&agrave; cổ H&rsquo;mong nơi quay bộ phim &quot;Chuyện của Pao&quot;. Đo&agrave;n đến khu di t&iacute;ch nh&agrave; vua m&egrave;o Vương Ch&iacute; S&igrave;nh một dinh thự của bậc đế vương xưa, l&agrave; một c&ocirc;ng tr&igrave;nh c&oacute; kiến tr&uacute;c đẹp, hiếm c&oacute; v&agrave; rất độc đ&aacute;o của H&agrave; Giang. Qu&yacute; kh&aacute;ch đến tham quan cột cờ Lũng C&uacute;, mảnh đất địa đầu Tổ quốc. Đứng tr&ecirc;n đỉnh cột cờ, Qu&yacute; kh&aacute;ch sẽ thấy to&agrave;n bộ l&agrave;ng văn h&oacute;a L&ocirc; L&ocirc;, ph&oacute;ng xa tầm mắt sẽ thấy những con đường nhỏ x&iacute;u, uốn lượn quanh những c&aacute;nh đồng l&uacute;a, những ng&ocirc;i nh&agrave; nh&agrave; lọt thỏm giữa m&agrave;u xanh của c&acirc;y cối.</p>\r\n\r\n<p>&nbsp;</p>\r\n\r\n<p>Tối: D&ugrave;ng cơm tối. Nghỉ đ&ecirc;m tại Kh&aacute;ch sạn 4 sao.</p>\r\n	<p>S&aacute;ng: D&ugrave;ng bữa s&aacute;ng Rời Kh&aacute;ch sạn đi tham quan danh lam thắng cảnh tuyệt đẹp c&oacute; tại Đ&agrave; Lạt</p>\r\n\r\n<p>&nbsp;</p>\r\n\r\n<p>Trưa: D&ugrave;ng bữa trưa Nghĩ ngơi sao đ&oacute; tiếp tục kh&aacute;m ph&aacute; những nơi tuyệt đẹp tại nơi đ&acirc;y</p>\r\n\r\n<p>&nbsp;</p>\r\n\r\n<p>Tối: Ăn tối L&ecirc;n xe để quay về Kết th&uacute;c chuyến đi.</p>\r\n	8399000
9	Tour Du Lịch Mộc Châu	3 ngày, 3 đêm	7900000.0	7800000.0	20	0	2021-06-28	20	moc_chau_2.jpg	t	t	t	f	f	f	1	<p>03 đ&ecirc;m/ 4 đ&ecirc;m nghỉ tại kh&aacute;ch sạn (Miễn ph&iacute; bữa s&aacute;ng).</p>\r\n\r\n<p>&nbsp;</p>\r\n\r\n<p>Combo Mộc Ch&acirc;u l&agrave; một h&igrave;nh thức mang đến cảm gi&aacute;c cho bạn v&agrave; qu&yacute; kh&aacute;ch kh&ocirc;ng bị g&ograve; b&oacute; trong những lịch tr&igrave;nh tour c&oacute; sẵn.</p>\r\n\r\n<p>&nbsp;</p>\r\n\r\n<p>Du kh&aacute;ch thỏa sức l&ecirc;n kế hoạch cho chuyến đi của m&igrave;nh: Ở đ&acirc;u, ăn g&igrave;, chơi như thế n&agrave;o&hellip; lựa chọn đặt combo du lịch Mộc Ch&acirc;u ch&iacute;nh l&agrave; phương &aacute;n tốt nhất để tiết kiệm thời gian, c&ocirc;ng sức cho kh&aacute;ch du lịch m&agrave; vẫn kh&ocirc;ng l&agrave;m chuyến kh&aacute;m ph&aacute; của qu&yacute; kh&aacute;ch k&eacute;m đi phần th&uacute; vị.</p>\r\n	Sài gòn	Combo du lịch Mộc Châu 3N3Đ khách sạn 4 sao từ Sài Gòn giá tốt 2021	f	5700000.0	2400000.0	300000.0	<p>S&aacute;ng: Qu&yacute; kh&aacute;ch c&oacute; mặt tại ga S&agrave;i G&ograve;n, s&acirc;n bay T&acirc;n Sơn Nhất trước giờ bay &iacute;t nhất ba tiếng.</p>\r\n\r\n<p>&nbsp;</p>\r\n\r\n<p>Đại diện c&ocirc;ng ty Du Lịch Traversal đ&oacute;n v&agrave; hỗ trợ Qu&yacute; kh&aacute;ch l&agrave;m thủ tục đ&oacute;n chuyến bay đi Đ&agrave; Lạt. Đến s&acirc;n bay Đ&agrave; Lạt, Hướng dẫn vi&ecirc;n đ&oacute;n Qu&yacute; kh&aacute;ch khởi h&agrave;nh đến Đ&agrave; Lạt.</p>\r\n\r\n<p>&nbsp;</p>\r\n\r\n<p>Trưa: Tr&ecirc;n đường dừng ch&acirc;n, d&ugrave;ng cơm trưa. Đo&agrave;n tiếp tục khởi h&agrave;nh đến Đ&agrave; Lạt &ndash; nơi c&oacute; những con đường đ&egrave;o, cứ nối nhau quanh co uốn lượn, nơi c&oacute; những con người d&acirc;n tộc ch&acirc;n chất, mặc d&ugrave; cuộc sống ngh&egrave;o khổ nhưng tr&ecirc;n m&ocirc;i lu&ocirc;n nở nụ cười.</p>\r\n\r\n<p>&nbsp;</p>\r\n\r\n<p>Tối: D&ugrave;ng cơm tối. Nghỉ đ&ecirc;m Kh&aacute;ch sạn 4 sao.</p>\r\n	<p>S&aacute;ng: D&ugrave;ng bữa s&aacute;ng.</p>\r\n\r\n<p>&nbsp;</p>\r\n\r\n<p>Rời th&agrave;nh phố, đường l&ecirc;n Quản Bạ mở ra giữa hai b&ecirc;n v&aacute;ch n&uacute;i cao chất ngất, vượt v&ograve;ng cua kh&uacute;c khuỷu, đi l&ecirc;n đ&egrave;o Pắc Sum. Đo&agrave;n dừng ch&acirc;n ngắm cảnh v&agrave; chụp ảnh tại dốc Bắc Sum. L&ecirc;n đến Cổng Trời Quảng Bạ, Qu&yacute; kh&aacute;ch c&oacute; thể ngắm nh&igrave;n thị trấn Tam Sơn thơ mộng. N&uacute;i đ&ocirc;i Quản Bạ hiện l&ecirc;n giữa những n&uacute;i đ&aacute; tr&ugrave;ng điệp v&agrave; ruộng bậc thang với h&igrave;nh d&aacute;ng, thế đứng ngồ ngộ khiến du kh&aacute;ch kh&ocirc;ng khỏi ngỡ ng&agrave;ng trước vẻ đẹp kỳ vĩ của tạo ho&aacute;. Hai tr&aacute;i n&uacute;i gắn với truyền thuyết &ldquo;N&uacute;i C&ocirc; Ti&ecirc;n&rdquo; rất thi vị. Đến thăm L&agrave;ng dệt thổ cẩm truyền thống L&ugrave;ng T&aacute;m, nơi sinh sống của đồng b&agrave;o H&rsquo;M&ocirc;ng với nghề dệt thổ cẩm l&acirc;u đời. Đo&agrave;n khởi h&agrave;nh đi Y&ecirc;n Minh.</p>\r\n\r\n<p>&nbsp;</p>\r\n\r\n<p>Trưa: D&ugrave;ng cơm trưa.</p>\r\n\r\n<p>&nbsp;</p>\r\n\r\n<p>Gh&eacute; thăm Phố C&aacute;o, với những ng&ocirc;i nh&agrave; tường m&agrave;u đất v&agrave;ng đặc trưng, cổng gỗ nằm trong h&agrave;ng r&agrave;o đ&aacute; &ndash; n&eacute;t đặc trưng của v&ugrave;ng cao nguy&ecirc;n đ&aacute; với bốn d&acirc;n tộc M&ocirc;ng, H&aacute;n, Dao, Pu P&eacute;o. Từ hướng Y&ecirc;n Minh l&ecirc;n thị trấn Đồng Văn, đến ng&atilde; ba Ph&oacute; Bảng, khi đến đỉnh đ&egrave;o nơi ng&atilde; ba đi về Ph&oacute; Bảng, du kh&aacute;ch c&oacute; thể nh&igrave;n thấy to&agrave;n cảnh Sủng L&agrave; ph&iacute;a dưới thung lũng. Từ tr&ecirc;n con đường vắt vẻo lưng chừng trời nh&igrave;n xuống, qu&yacute; kh&aacute;ch được dịp chi&ecirc;m ngưỡng một bức tranh thi&ecirc;n nhi&ecirc;n thanh b&igrave;nh, xinh đẹp. Đến Sủng L&agrave; thăm nh&agrave; cổ H&rsquo;mong nơi quay bộ phim &quot;Chuyện của Pao&quot;. Đo&agrave;n đến khu di t&iacute;ch nh&agrave; vua m&egrave;o Vương Ch&iacute; S&igrave;nh một dinh thự của bậc đế vương xưa, l&agrave; một c&ocirc;ng tr&igrave;nh c&oacute; kiến tr&uacute;c đẹp, hiếm c&oacute; v&agrave; rất độc đ&aacute;o của H&agrave; Giang. Qu&yacute; kh&aacute;ch đến tham quan cột cờ Lũng C&uacute;, mảnh đất địa đầu Tổ quốc. Đứng tr&ecirc;n đỉnh cột cờ, Qu&yacute; kh&aacute;ch sẽ thấy to&agrave;n bộ l&agrave;ng văn h&oacute;a L&ocirc; L&ocirc;, ph&oacute;ng xa tầm mắt sẽ thấy những con đường nhỏ x&iacute;u, uốn lượn quanh những c&aacute;nh đồng l&uacute;a, những ng&ocirc;i nh&agrave; nh&agrave; lọt thỏm giữa m&agrave;u xanh của c&acirc;y cối.</p>\r\n\r\n<p>&nbsp;</p>\r\n\r\n<p>Tối: D&ugrave;ng cơm tối. Nghỉ đ&ecirc;m tại Kh&aacute;ch sạn 4 sao.</p>\r\n	<p>S&aacute;ng: D&ugrave;ng bữa s&aacute;ng Rời Kh&aacute;ch sạn đi tham quan danh lam thắng cảnh tuyệt đẹp c&oacute; tại Đ&agrave; Lạt</p>\r\n\r\n<p>&nbsp;</p>\r\n\r\n<p>Trưa: D&ugrave;ng bữa trưa Nghĩ ngơi sao đ&oacute; tiếp tục kh&aacute;m ph&aacute; những nơi tuyệt đẹp tại nơi đ&acirc;y</p>\r\n\r\n<p>&nbsp;</p>\r\n\r\n<p>Tối: Ăn tối L&ecirc;n xe để quay về Kết th&uacute;c chuyến đi.</p>\r\n	8399000
13	Tour Du Lịch Đà Lạt	3 ngày, 3 đêm	4500000.0	4400000.0	11	9	2021-06-28	20	da_lat_2.png	t	t	t	f	f	f	1	<p>03 đ&ecirc;m/ 4 đ&ecirc;m nghỉ tại kh&aacute;ch sạn (Miễn ph&iacute; bữa s&aacute;ng).</p>\r\n\r\n<p>&nbsp;</p>\r\n\r\n<p>Combo Da Lat l&agrave; một h&igrave;nh thức mang đến cảm gi&aacute;c cho bạn v&agrave; qu&yacute; kh&aacute;ch kh&ocirc;ng bị g&ograve; b&oacute; trong những lịch tr&igrave;nh tour c&oacute; sẵn.</p>\r\n\r\n<p>&nbsp;</p>\r\n\r\n<p>Du kh&aacute;ch thỏa sức l&ecirc;n kế hoạch cho chuyến đi của m&igrave;nh: Ở đ&acirc;u, ăn g&igrave;, chơi như thế n&agrave;o&hellip; lựa chọn đặt combo du lịch Đ&agrave; Lạt ch&iacute;nh l&agrave; phương &aacute;n tốt nhất để tiết kiệm thời gian, c&ocirc;ng sức cho kh&aacute;ch du lịch m&agrave; vẫn kh&ocirc;ng l&agrave;m chuyến kh&aacute;m ph&aacute; của qu&yacute; kh&aacute;ch k&eacute;m đi phần th&uacute; vị.</p>\r\n	Sài gòn	Combo du lịch Đà Lạt 3N3Đ khách sạn 4 sao từ Sài Gòn giá tốt 2021	f	5700000.0	2400000.0	300000.0	<p>S&aacute;ng: Qu&yacute; kh&aacute;ch c&oacute; mặt tại ga S&agrave;i G&ograve;n, s&acirc;n bay T&acirc;n Sơn Nhất trước giờ bay &iacute;t nhất ba tiếng.</p>\r\n\r\n<p>&nbsp;</p>\r\n\r\n<p>Đại diện c&ocirc;ng ty Du Lịch Traversal đ&oacute;n v&agrave; hỗ trợ Qu&yacute; kh&aacute;ch l&agrave;m thủ tục đ&oacute;n chuyến bay đi Đ&agrave; Lạt. Đến s&acirc;n bay Đ&agrave; Lạt, Hướng dẫn vi&ecirc;n đ&oacute;n Qu&yacute; kh&aacute;ch khởi h&agrave;nh đến Đ&agrave; Lạt.</p>\r\n\r\n<p>&nbsp;</p>\r\n\r\n<p>Trưa: Tr&ecirc;n đường dừng ch&acirc;n, d&ugrave;ng cơm trưa. Đo&agrave;n tiếp tục khởi h&agrave;nh đến Đ&agrave; Lạt &ndash; nơi c&oacute; những con đường đ&egrave;o, cứ nối nhau quanh co uốn lượn, nơi c&oacute; những con người d&acirc;n tộc ch&acirc;n chất, mặc d&ugrave; cuộc sống ngh&egrave;o khổ nhưng tr&ecirc;n m&ocirc;i lu&ocirc;n nở nụ cười.</p>\r\n\r\n<p>&nbsp;</p>\r\n\r\n<p>Tối: D&ugrave;ng cơm tối. Nghỉ đ&ecirc;m Kh&aacute;ch sạn 4 sao.</p>\r\n	<p>S&aacute;ng: D&ugrave;ng bữa s&aacute;ng.</p>\r\n\r\n<p>&nbsp;</p>\r\n\r\n<p>Rời th&agrave;nh phố, đường l&ecirc;n Quản Bạ mở ra giữa hai b&ecirc;n v&aacute;ch n&uacute;i cao chất ngất, vượt v&ograve;ng cua kh&uacute;c khuỷu, đi l&ecirc;n đ&egrave;o Pắc Sum. Đo&agrave;n dừng ch&acirc;n ngắm cảnh v&agrave; chụp ảnh tại dốc Bắc Sum. L&ecirc;n đến Cổng Trời Quảng Bạ, Qu&yacute; kh&aacute;ch c&oacute; thể ngắm nh&igrave;n thị trấn Tam Sơn thơ mộng. N&uacute;i đ&ocirc;i Quản Bạ hiện l&ecirc;n giữa những n&uacute;i đ&aacute; tr&ugrave;ng điệp v&agrave; ruộng bậc thang với h&igrave;nh d&aacute;ng, thế đứng ngồ ngộ khiến du kh&aacute;ch kh&ocirc;ng khỏi ngỡ ng&agrave;ng trước vẻ đẹp kỳ vĩ của tạo ho&aacute;. Hai tr&aacute;i n&uacute;i gắn với truyền thuyết &ldquo;N&uacute;i C&ocirc; Ti&ecirc;n&rdquo; rất thi vị. Đến thăm L&agrave;ng dệt thổ cẩm truyền thống L&ugrave;ng T&aacute;m, nơi sinh sống của đồng b&agrave;o H&rsquo;M&ocirc;ng với nghề dệt thổ cẩm l&acirc;u đời. Đo&agrave;n khởi h&agrave;nh đi Y&ecirc;n Minh.</p>\r\n\r\n<p>&nbsp;</p>\r\n\r\n<p>Trưa: D&ugrave;ng cơm trưa.</p>\r\n\r\n<p>&nbsp;</p>\r\n\r\n<p>Gh&eacute; thăm Phố C&aacute;o, với những ng&ocirc;i nh&agrave; tường m&agrave;u đất v&agrave;ng đặc trưng, cổng gỗ nằm trong h&agrave;ng r&agrave;o đ&aacute; &ndash; n&eacute;t đặc trưng của v&ugrave;ng cao nguy&ecirc;n đ&aacute; với bốn d&acirc;n tộc M&ocirc;ng, H&aacute;n, Dao, Pu P&eacute;o. Từ hướng Y&ecirc;n Minh l&ecirc;n thị trấn Đồng Văn, đến ng&atilde; ba Ph&oacute; Bảng, khi đến đỉnh đ&egrave;o nơi ng&atilde; ba đi về Ph&oacute; Bảng, du kh&aacute;ch c&oacute; thể nh&igrave;n thấy to&agrave;n cảnh Sủng L&agrave; ph&iacute;a dưới thung lũng. Từ tr&ecirc;n con đường vắt vẻo lưng chừng trời nh&igrave;n xuống, qu&yacute; kh&aacute;ch được dịp chi&ecirc;m ngưỡng một bức tranh thi&ecirc;n nhi&ecirc;n thanh b&igrave;nh, xinh đẹp. Đến Sủng L&agrave; thăm nh&agrave; cổ H&rsquo;mong nơi quay bộ phim &quot;Chuyện của Pao&quot;. Đo&agrave;n đến khu di t&iacute;ch nh&agrave; vua m&egrave;o Vương Ch&iacute; S&igrave;nh một dinh thự của bậc đế vương xưa, l&agrave; một c&ocirc;ng tr&igrave;nh c&oacute; kiến tr&uacute;c đẹp, hiếm c&oacute; v&agrave; rất độc đ&aacute;o của H&agrave; Giang. Qu&yacute; kh&aacute;ch đến tham quan cột cờ Lũng C&uacute;, mảnh đất địa đầu Tổ quốc. Đứng tr&ecirc;n đỉnh cột cờ, Qu&yacute; kh&aacute;ch sẽ thấy to&agrave;n bộ l&agrave;ng văn h&oacute;a L&ocirc; L&ocirc;, ph&oacute;ng xa tầm mắt sẽ thấy những con đường nhỏ x&iacute;u, uốn lượn quanh những c&aacute;nh đồng l&uacute;a, những ng&ocirc;i nh&agrave; nh&agrave; lọt thỏm giữa m&agrave;u xanh của c&acirc;y cối.</p>\r\n\r\n<p>&nbsp;</p>\r\n\r\n<p>Tối: D&ugrave;ng cơm tối. Nghỉ đ&ecirc;m tại Kh&aacute;ch sạn 4 sao.</p>\r\n	<p>S&aacute;ng: D&ugrave;ng bữa s&aacute;ng Rời Kh&aacute;ch sạn đi tham quan danh lam thắng cảnh tuyệt đẹp c&oacute; tại Đ&agrave; Lạt</p>\r\n\r\n<p>&nbsp;</p>\r\n\r\n<p>Trưa: D&ugrave;ng bữa trưa Nghĩ ngơi sao đ&oacute; tiếp tục kh&aacute;m ph&aacute; những nơi tuyệt đẹp tại nơi đ&acirc;y</p>\r\n\r\n<p>&nbsp;</p>\r\n\r\n<p>Tối: Ăn tối L&ecirc;n xe để quay về Kết th&uacute;c chuyến đi.</p>\r\n	8399000
1	Tour Du Lịch Phú Yên	3 ngày, 4 đêm	4000000.0	3900000.0	15	5	2021-06-28	234	phu_yen.jpg	t	t	t	f	f	f	1	<p>03 đ&ecirc;m/ 4 đ&ecirc;m nghỉ tại kh&aacute;ch sạn (Miễn ph&iacute; bữa s&aacute;ng).</p>\r\n\r\n<p>&nbsp;</p>\r\n\r\n<p>Combo B&igrave;nh Định l&agrave; một h&igrave;nh thức mang đến cảm gi&aacute;c cho bạn v&agrave; qu&yacute; kh&aacute;ch kh&ocirc;ng bị g&ograve; b&oacute; trong những lịch tr&igrave;nh tour c&oacute; sẵn.</p>\r\n\r\n<p>&nbsp;</p>\r\n\r\n<p>Du kh&aacute;ch thỏa sức l&ecirc;n kế hoạch cho chuyến đi của m&igrave;nh: Ở đ&acirc;u, ăn g&igrave;, chơi như thế n&agrave;o&hellip; lựa chọn đặt combo du lịch B&igrave;nh Định ch&iacute;nh l&agrave; phương &aacute;n tốt nhất để tiết kiệm thời gian, c&ocirc;ng sức cho kh&aacute;ch du lịch m&agrave; vẫn kh&ocirc;ng l&agrave;m chuyến kh&aacute;m ph&aacute; của qu&yacute; kh&aacute;ch k&eacute;m đi phần th&uacute; vị.</p>\r\n	Sài gòn	Combo du lịch Bình Định 3N3Đ khách sạn 4 sao từ Sài Gòn giá tốt 2021	f	5700000.0	2400000.0	300000.0	<p>S&aacute;ng: Qu&yacute; kh&aacute;ch c&oacute; mặt tại ga S&agrave;i G&ograve;n, s&acirc;n bay T&acirc;n Sơn Nhất trước giờ bay &iacute;t nhất ba tiếng.</p>\r\n\r\n<p>&nbsp;</p>\r\n\r\n<p>Đại diện c&ocirc;ng ty Du Lịch Traversal đ&oacute;n v&agrave; hỗ trợ Qu&yacute; kh&aacute;ch l&agrave;m thủ tục đ&oacute;n chuyến bay đi Đ&agrave; Lạt. Đến s&acirc;n bay Đ&agrave; Lạt, Hướng dẫn vi&ecirc;n đ&oacute;n Qu&yacute; kh&aacute;ch khởi h&agrave;nh đến Đ&agrave; Lạt.</p>\r\n\r\n<p>&nbsp;</p>\r\n\r\n<p>Trưa: Tr&ecirc;n đường dừng ch&acirc;n, d&ugrave;ng cơm trưa. Đo&agrave;n tiếp tục khởi h&agrave;nh đến Đ&agrave; Lạt &ndash; nơi c&oacute; những con đường đ&egrave;o, cứ nối nhau quanh co uốn lượn, nơi c&oacute; những con người d&acirc;n tộc ch&acirc;n chất, mặc d&ugrave; cuộc sống ngh&egrave;o khổ nhưng tr&ecirc;n m&ocirc;i lu&ocirc;n nở nụ cười.</p>\r\n\r\n<p>&nbsp;</p>\r\n\r\n<p>Tối: D&ugrave;ng cơm tối. Nghỉ đ&ecirc;m Kh&aacute;ch sạn 4 sao.</p>\r\n	<p>S&aacute;ng: D&ugrave;ng bữa s&aacute;ng.</p>\r\n\r\n<p>&nbsp;</p>\r\n\r\n<p>Rời th&agrave;nh phố, đường l&ecirc;n Quản Bạ mở ra giữa hai b&ecirc;n v&aacute;ch n&uacute;i cao chất ngất, vượt v&ograve;ng cua kh&uacute;c khuỷu, đi l&ecirc;n đ&egrave;o Pắc Sum. Đo&agrave;n dừng ch&acirc;n ngắm cảnh v&agrave; chụp ảnh tại dốc Bắc Sum. L&ecirc;n đến Cổng Trời Quảng Bạ, Qu&yacute; kh&aacute;ch c&oacute; thể ngắm nh&igrave;n thị trấn Tam Sơn thơ mộng. N&uacute;i đ&ocirc;i Quản Bạ hiện l&ecirc;n giữa những n&uacute;i đ&aacute; tr&ugrave;ng điệp v&agrave; ruộng bậc thang với h&igrave;nh d&aacute;ng, thế đứng ngồ ngộ khiến du kh&aacute;ch kh&ocirc;ng khỏi ngỡ ng&agrave;ng trước vẻ đẹp kỳ vĩ của tạo ho&aacute;. Hai tr&aacute;i n&uacute;i gắn với truyền thuyết &ldquo;N&uacute;i C&ocirc; Ti&ecirc;n&rdquo; rất thi vị. Đến thăm L&agrave;ng dệt thổ cẩm truyền thống L&ugrave;ng T&aacute;m, nơi sinh sống của đồng b&agrave;o H&rsquo;M&ocirc;ng với nghề dệt thổ cẩm l&acirc;u đời. Đo&agrave;n khởi h&agrave;nh đi Y&ecirc;n Minh.</p>\r\n\r\n<p>&nbsp;</p>\r\n\r\n<p>Trưa: D&ugrave;ng cơm trưa.</p>\r\n\r\n<p>&nbsp;</p>\r\n\r\n<p>Gh&eacute; thăm Phố C&aacute;o, với những ng&ocirc;i nh&agrave; tường m&agrave;u đất v&agrave;ng đặc trưng, cổng gỗ nằm trong h&agrave;ng r&agrave;o đ&aacute; &ndash; n&eacute;t đặc trưng của v&ugrave;ng cao nguy&ecirc;n đ&aacute; với bốn d&acirc;n tộc M&ocirc;ng, H&aacute;n, Dao, Pu P&eacute;o. Từ hướng Y&ecirc;n Minh l&ecirc;n thị trấn Đồng Văn, đến ng&atilde; ba Ph&oacute; Bảng, khi đến đỉnh đ&egrave;o nơi ng&atilde; ba đi về Ph&oacute; Bảng, du kh&aacute;ch c&oacute; thể nh&igrave;n thấy to&agrave;n cảnh Sủng L&agrave; ph&iacute;a dưới thung lũng. Từ tr&ecirc;n con đường vắt vẻo lưng chừng trời nh&igrave;n xuống, qu&yacute; kh&aacute;ch được dịp chi&ecirc;m ngưỡng một bức tranh thi&ecirc;n nhi&ecirc;n thanh b&igrave;nh, xinh đẹp. Đến Sủng L&agrave; thăm nh&agrave; cổ H&rsquo;mong nơi quay bộ phim &quot;Chuyện của Pao&quot;. Đo&agrave;n đến khu di t&iacute;ch nh&agrave; vua m&egrave;o Vương Ch&iacute; S&igrave;nh một dinh thự của bậc đế vương xưa, l&agrave; một c&ocirc;ng tr&igrave;nh c&oacute; kiến tr&uacute;c đẹp, hiếm c&oacute; v&agrave; rất độc đ&aacute;o của H&agrave; Giang. Qu&yacute; kh&aacute;ch đến tham quan cột cờ Lũng C&uacute;, mảnh đất địa đầu Tổ quốc. Đứng tr&ecirc;n đỉnh cột cờ, Qu&yacute; kh&aacute;ch sẽ thấy to&agrave;n bộ l&agrave;ng văn h&oacute;a L&ocirc; L&ocirc;, ph&oacute;ng xa tầm mắt sẽ thấy những con đường nhỏ x&iacute;u, uốn lượn quanh những c&aacute;nh đồng l&uacute;a, những ng&ocirc;i nh&agrave; nh&agrave; lọt thỏm giữa m&agrave;u xanh của c&acirc;y cối.</p>\r\n\r\n<p>&nbsp;</p>\r\n\r\n<p>Tối: D&ugrave;ng cơm tối. Nghỉ đ&ecirc;m tại Kh&aacute;ch sạn 4 sao.</p>\r\n	<p>S&aacute;ng: D&ugrave;ng bữa s&aacute;ng Rời Kh&aacute;ch sạn đi tham quan danh lam thắng cảnh tuyệt đẹp c&oacute; tại Đ&agrave; Lạt</p>\r\n\r\n<p>&nbsp;</p>\r\n\r\n<p>Trưa: D&ugrave;ng bữa trưa Nghĩ ngơi sao đ&oacute; tiếp tục kh&aacute;m ph&aacute; những nơi tuyệt đẹp tại nơi đ&acirc;y</p>\r\n\r\n<p>&nbsp;</p>\r\n\r\n<p>Tối: Ăn tối L&ecirc;n xe để quay về Kết th&uacute;c chuyến đi.</p>\r\n	8399000
10	Tour Du Lịch Vũng Tàu	3 ngày, 3 đêm	2970000.0	2900000.0	14	6	2021-06-28	20	vungtau_2.jpg	t	t	t	f	f	f	1	<p>03 đ&ecirc;m/ 4 đ&ecirc;m nghỉ tại kh&aacute;ch sạn (Miễn ph&iacute; bữa s&aacute;ng).</p>\r\n\r\n<p>&nbsp;</p>\r\n\r\n<p>Combo Vũng T&agrave;u l&agrave; một h&igrave;nh thức mang đến cảm gi&aacute;c cho bạn v&agrave; qu&yacute; kh&aacute;ch kh&ocirc;ng bị g&ograve; b&oacute; trong những lịch tr&igrave;nh tour c&oacute; sẵn.</p>\r\n\r\n<p>&nbsp;</p>\r\n\r\n<p>Du kh&aacute;ch thỏa sức l&ecirc;n kế hoạch cho chuyến đi của m&igrave;nh: Ở đ&acirc;u, ăn g&igrave;, chơi như thế n&agrave;o&hellip; lựa chọn đặt combo du lịch Vũng t&agrave;u ch&iacute;nh l&agrave; phương &aacute;n tốt nhất để tiết kiệm thời gian, c&ocirc;ng sức cho kh&aacute;ch du lịch m&agrave; vẫn kh&ocirc;ng l&agrave;m chuyến kh&aacute;m ph&aacute; của qu&yacute; kh&aacute;ch k&eacute;m đi phần th&uacute; vị.</p>\r\n	Sài gòn	Combo du lịch Vũng Tàu 3N3Đ khách sạn 4 sao từ Sài Gòn giá tốt 2021	f	5700000.0	2400000.0	300000.0	<p>S&aacute;ng: Qu&yacute; kh&aacute;ch c&oacute; mặt tại ga S&agrave;i G&ograve;n, s&acirc;n bay T&acirc;n Sơn Nhất trước giờ bay &iacute;t nhất ba tiếng.</p>\r\n\r\n<p>&nbsp;</p>\r\n\r\n<p>Đại diện c&ocirc;ng ty Du Lịch Traversal đ&oacute;n v&agrave; hỗ trợ Qu&yacute; kh&aacute;ch l&agrave;m thủ tục đ&oacute;n chuyến bay đi Đ&agrave; Lạt. Đến s&acirc;n bay Đ&agrave; Lạt, Hướng dẫn vi&ecirc;n đ&oacute;n Qu&yacute; kh&aacute;ch khởi h&agrave;nh đến Đ&agrave; Lạt.</p>\r\n\r\n<p>&nbsp;</p>\r\n\r\n<p>Trưa: Tr&ecirc;n đường dừng ch&acirc;n, d&ugrave;ng cơm trưa. Đo&agrave;n tiếp tục khởi h&agrave;nh đến Đ&agrave; Lạt &ndash; nơi c&oacute; những con đường đ&egrave;o, cứ nối nhau quanh co uốn lượn, nơi c&oacute; những con người d&acirc;n tộc ch&acirc;n chất, mặc d&ugrave; cuộc sống ngh&egrave;o khổ nhưng tr&ecirc;n m&ocirc;i lu&ocirc;n nở nụ cười.</p>\r\n\r\n<p>&nbsp;</p>\r\n\r\n<p>Tối: D&ugrave;ng cơm tối. Nghỉ đ&ecirc;m Kh&aacute;ch sạn 4 sao.</p>\r\n	<p>S&aacute;ng: D&ugrave;ng bữa s&aacute;ng.</p>\r\n\r\n<p>&nbsp;</p>\r\n\r\n<p>Rời th&agrave;nh phố, đường l&ecirc;n Quản Bạ mở ra giữa hai b&ecirc;n v&aacute;ch n&uacute;i cao chất ngất, vượt v&ograve;ng cua kh&uacute;c khuỷu, đi l&ecirc;n đ&egrave;o Pắc Sum. Đo&agrave;n dừng ch&acirc;n ngắm cảnh v&agrave; chụp ảnh tại dốc Bắc Sum. L&ecirc;n đến Cổng Trời Quảng Bạ, Qu&yacute; kh&aacute;ch c&oacute; thể ngắm nh&igrave;n thị trấn Tam Sơn thơ mộng. N&uacute;i đ&ocirc;i Quản Bạ hiện l&ecirc;n giữa những n&uacute;i đ&aacute; tr&ugrave;ng điệp v&agrave; ruộng bậc thang với h&igrave;nh d&aacute;ng, thế đứng ngồ ngộ khiến du kh&aacute;ch kh&ocirc;ng khỏi ngỡ ng&agrave;ng trước vẻ đẹp kỳ vĩ của tạo ho&aacute;. Hai tr&aacute;i n&uacute;i gắn với truyền thuyết &ldquo;N&uacute;i C&ocirc; Ti&ecirc;n&rdquo; rất thi vị. Đến thăm L&agrave;ng dệt thổ cẩm truyền thống L&ugrave;ng T&aacute;m, nơi sinh sống của đồng b&agrave;o H&rsquo;M&ocirc;ng với nghề dệt thổ cẩm l&acirc;u đời. Đo&agrave;n khởi h&agrave;nh đi Y&ecirc;n Minh.</p>\r\n\r\n<p>&nbsp;</p>\r\n\r\n<p>Trưa: D&ugrave;ng cơm trưa.</p>\r\n\r\n<p>&nbsp;</p>\r\n\r\n<p>Gh&eacute; thăm Phố C&aacute;o, với những ng&ocirc;i nh&agrave; tường m&agrave;u đất v&agrave;ng đặc trưng, cổng gỗ nằm trong h&agrave;ng r&agrave;o đ&aacute; &ndash; n&eacute;t đặc trưng của v&ugrave;ng cao nguy&ecirc;n đ&aacute; với bốn d&acirc;n tộc M&ocirc;ng, H&aacute;n, Dao, Pu P&eacute;o. Từ hướng Y&ecirc;n Minh l&ecirc;n thị trấn Đồng Văn, đến ng&atilde; ba Ph&oacute; Bảng, khi đến đỉnh đ&egrave;o nơi ng&atilde; ba đi về Ph&oacute; Bảng, du kh&aacute;ch c&oacute; thể nh&igrave;n thấy to&agrave;n cảnh Sủng L&agrave; ph&iacute;a dưới thung lũng. Từ tr&ecirc;n con đường vắt vẻo lưng chừng trời nh&igrave;n xuống, qu&yacute; kh&aacute;ch được dịp chi&ecirc;m ngưỡng một bức tranh thi&ecirc;n nhi&ecirc;n thanh b&igrave;nh, xinh đẹp. Đến Sủng L&agrave; thăm nh&agrave; cổ H&rsquo;mong nơi quay bộ phim &quot;Chuyện của Pao&quot;. Đo&agrave;n đến khu di t&iacute;ch nh&agrave; vua m&egrave;o Vương Ch&iacute; S&igrave;nh một dinh thự của bậc đế vương xưa, l&agrave; một c&ocirc;ng tr&igrave;nh c&oacute; kiến tr&uacute;c đẹp, hiếm c&oacute; v&agrave; rất độc đ&aacute;o của H&agrave; Giang. Qu&yacute; kh&aacute;ch đến tham quan cột cờ Lũng C&uacute;, mảnh đất địa đầu Tổ quốc. Đứng tr&ecirc;n đỉnh cột cờ, Qu&yacute; kh&aacute;ch sẽ thấy to&agrave;n bộ l&agrave;ng văn h&oacute;a L&ocirc; L&ocirc;, ph&oacute;ng xa tầm mắt sẽ thấy những con đường nhỏ x&iacute;u, uốn lượn quanh những c&aacute;nh đồng l&uacute;a, những ng&ocirc;i nh&agrave; nh&agrave; lọt thỏm giữa m&agrave;u xanh của c&acirc;y cối.</p>\r\n\r\n<p>&nbsp;</p>\r\n\r\n<p>Tối: D&ugrave;ng cơm tối.</p>\r\n\r\n<p>&nbsp;</p>\r\n\r\n<p>Nghỉ đ&ecirc;m tại Kh&aacute;ch sạn 4 sao.</p>\r\n	<p>S&aacute;ng: D&ugrave;ng bữa s&aacute;ng Rời Kh&aacute;ch sạn đi tham quan danh lam thắng cảnh tuyệt đẹp c&oacute; tại Đ&agrave; Lạt</p>\r\n\r\n<p>&nbsp;</p>\r\n\r\n<p>Trưa: D&ugrave;ng bữa trưa Nghĩ ngơi sao đ&oacute; tiếp tục kh&aacute;m ph&aacute; những nơi tuyệt đẹp tại nơi đ&acirc;y</p>\r\n\r\n<p>&nbsp;</p>\r\n\r\n<p>Tối: Ăn tối L&ecirc;n xe để quay về Kết th&uacute;c chuyến đi.</p>\r\n	8399000
8	Tour Du Lịch Đảo Cô Tô	3 ngày, 3 đêm	4900000.0	4800000.0	1	12	2021-06-28	20	coto_2.jpg	t	t	t	f	f	f	1	<p>03 đ&ecirc;m/ 4 đ&ecirc;m nghỉ tại kh&aacute;ch sạn (Miễn ph&iacute; bữa s&aacute;ng).</p>\r\n\r\n<p>&nbsp;</p>\r\n\r\n<p>Combo Đảo C&ocirc; T&ocirc; l&agrave; một h&igrave;nh thức mang đến cảm gi&aacute;c cho bạn v&agrave; qu&yacute; kh&aacute;ch kh&ocirc;ng bị g&ograve; b&oacute; trong những lịch tr&igrave;nh tour c&oacute; sẵn.</p>\r\n\r\n<p>&nbsp;</p>\r\n\r\n<p>Du kh&aacute;ch thỏa sức l&ecirc;n kế hoạch cho chuyến đi của m&igrave;nh: Ở đ&acirc;u, ăn g&igrave;, chơi như thế n&agrave;o&hellip; lựa chọn đặt combo du lịch Đảo C&ocirc; T&ocirc; ch&iacute;nh l&agrave; phương &aacute;n tốt nhất để tiết kiệm thời gian, c&ocirc;ng sức cho kh&aacute;ch du lịch m&agrave; vẫn kh&ocirc;ng l&agrave;m chuyến kh&aacute;m ph&aacute; của qu&yacute; kh&aacute;ch k&eacute;m đi phần th&uacute; vị.</p>\r\n	Sài gòn	Combo du lịch Đảo Cô Tô 3N3Đ khách sạn 4 sao từ Sài Gòn giá tốt 2021	f	5700000.0	2400000.0	300000.0	<p>S&aacute;ng: Qu&yacute; kh&aacute;ch c&oacute; mặt tại ga S&agrave;i G&ograve;n, s&acirc;n bay T&acirc;n Sơn Nhất trước giờ bay &iacute;t nhất ba tiếng.</p>\r\n\r\n<p>&nbsp;</p>\r\n\r\n<p>Đại diện c&ocirc;ng ty Du Lịch Traversal đ&oacute;n v&agrave; hỗ trợ Qu&yacute; kh&aacute;ch l&agrave;m thủ tục đ&oacute;n chuyến bay đi Đ&agrave; Lạt. Đến s&acirc;n bay Đ&agrave; Lạt, Hướng dẫn vi&ecirc;n đ&oacute;n Qu&yacute; kh&aacute;ch khởi h&agrave;nh đến Đ&agrave; Lạt.</p>\r\n\r\n<p>&nbsp;</p>\r\n\r\n<p>Trưa: Tr&ecirc;n đường dừng ch&acirc;n, d&ugrave;ng cơm trưa. Đo&agrave;n tiếp tục khởi h&agrave;nh đến Đ&agrave; Lạt &ndash; nơi c&oacute; những con đường đ&egrave;o, cứ nối nhau quanh co uốn lượn, nơi c&oacute; những con người d&acirc;n tộc ch&acirc;n chất, mặc d&ugrave; cuộc sống ngh&egrave;o khổ nhưng tr&ecirc;n m&ocirc;i lu&ocirc;n nở nụ cười.</p>\r\n\r\n<p>&nbsp;</p>\r\n\r\n<p>Tối: D&ugrave;ng cơm tối. Nghỉ đ&ecirc;m Kh&aacute;ch sạn 4 sao.</p>\r\n	<p>S&aacute;ng: D&ugrave;ng bữa s&aacute;ng.</p>\r\n\r\n<p>&nbsp;</p>\r\n\r\n<p>Rời th&agrave;nh phố, đường l&ecirc;n Quản Bạ mở ra giữa hai b&ecirc;n v&aacute;ch n&uacute;i cao chất ngất, vượt v&ograve;ng cua kh&uacute;c khuỷu, đi l&ecirc;n đ&egrave;o Pắc Sum. Đo&agrave;n dừng ch&acirc;n ngắm cảnh v&agrave; chụp ảnh tại dốc Bắc Sum. L&ecirc;n đến Cổng Trời Quảng Bạ, Qu&yacute; kh&aacute;ch c&oacute; thể ngắm nh&igrave;n thị trấn Tam Sơn thơ mộng. N&uacute;i đ&ocirc;i Quản Bạ hiện l&ecirc;n giữa những n&uacute;i đ&aacute; tr&ugrave;ng điệp v&agrave; ruộng bậc thang với h&igrave;nh d&aacute;ng, thế đứng ngồ ngộ khiến du kh&aacute;ch kh&ocirc;ng khỏi ngỡ ng&agrave;ng trước vẻ đẹp kỳ vĩ của tạo ho&aacute;. Hai tr&aacute;i n&uacute;i gắn với truyền thuyết &ldquo;N&uacute;i C&ocirc; Ti&ecirc;n&rdquo; rất thi vị. Đến thăm L&agrave;ng dệt thổ cẩm truyền thống L&ugrave;ng T&aacute;m, nơi sinh sống của đồng b&agrave;o H&rsquo;M&ocirc;ng với nghề dệt thổ cẩm l&acirc;u đời. Đo&agrave;n khởi h&agrave;nh đi Y&ecirc;n Minh.</p>\r\n\r\n<p>&nbsp;</p>\r\n\r\n<p>Trưa: D&ugrave;ng cơm trưa.</p>\r\n\r\n<p>&nbsp;</p>\r\n\r\n<p>Gh&eacute; thăm Phố C&aacute;o, với những ng&ocirc;i nh&agrave; tường m&agrave;u đất v&agrave;ng đặc trưng, cổng gỗ nằm trong h&agrave;ng r&agrave;o đ&aacute; &ndash; n&eacute;t đặc trưng của v&ugrave;ng cao nguy&ecirc;n đ&aacute; với bốn d&acirc;n tộc M&ocirc;ng, H&aacute;n, Dao, Pu P&eacute;o. Từ hướng Y&ecirc;n Minh l&ecirc;n thị trấn Đồng Văn, đến ng&atilde; ba Ph&oacute; Bảng, khi đến đỉnh đ&egrave;o nơi ng&atilde; ba đi về Ph&oacute; Bảng, du kh&aacute;ch c&oacute; thể nh&igrave;n thấy to&agrave;n cảnh Sủng L&agrave; ph&iacute;a dưới thung lũng. Từ tr&ecirc;n con đường vắt vẻo lưng chừng trời nh&igrave;n xuống, qu&yacute; kh&aacute;ch được dịp chi&ecirc;m ngưỡng một bức tranh thi&ecirc;n nhi&ecirc;n thanh b&igrave;nh, xinh đẹp. Đến Sủng L&agrave; thăm nh&agrave; cổ H&rsquo;mong nơi quay bộ phim &quot;Chuyện của Pao&quot;. Đo&agrave;n đến khu di t&iacute;ch nh&agrave; vua m&egrave;o Vương Ch&iacute; S&igrave;nh một dinh thự của bậc đế vương xưa, l&agrave; một c&ocirc;ng tr&igrave;nh c&oacute; kiến tr&uacute;c đẹp, hiếm c&oacute; v&agrave; rất độc đ&aacute;o của H&agrave; Giang. Qu&yacute; kh&aacute;ch đến tham quan cột cờ Lũng C&uacute;, mảnh đất địa đầu Tổ quốc. Đứng tr&ecirc;n đỉnh cột cờ, Qu&yacute; kh&aacute;ch sẽ thấy to&agrave;n bộ l&agrave;ng văn h&oacute;a L&ocirc; L&ocirc;, ph&oacute;ng xa tầm mắt sẽ thấy những con đường nhỏ x&iacute;u, uốn lượn quanh những c&aacute;nh đồng l&uacute;a, những ng&ocirc;i nh&agrave; nh&agrave; lọt thỏm giữa m&agrave;u xanh của c&acirc;y cối.</p>\r\n\r\n<p>&nbsp;</p>\r\n\r\n<p>Tối: D&ugrave;ng cơm tối. Nghỉ đ&ecirc;m tại Kh&aacute;ch sạn 4 sao.</p>\r\n	<p>S&aacute;ng: D&ugrave;ng bữa s&aacute;ng Rời Kh&aacute;ch sạn đi tham quan danh lam thắng cảnh tuyệt đẹp c&oacute; tại Đ&agrave; Lạt</p>\r\n\r\n<p>&nbsp;</p>\r\n\r\n<p>Trưa: D&ugrave;ng bữa trưa Nghĩ ngơi sao đ&oacute; tiếp tục kh&aacute;m ph&aacute; những nơi tuyệt đẹp tại nơi đ&acirc;y</p>\r\n\r\n<p>&nbsp;</p>\r\n\r\n<p>Tối: Ăn tối L&ecirc;n xe để quay về Kết th&uacute;c chuyến đi.</p>\r\n	8399000
6	Tour Du Lịch Fanxipan	3 ngày, 3 đêm	5500000.0	5400000.0	1	21	2021-06-28	20	fansipan_1.jpg	t	t	t	f	f	f	1	<p>03 đ&ecirc;m/ 4 đ&ecirc;m nghỉ tại kh&aacute;ch sạn (Miễn ph&iacute; bữa s&aacute;ng). Combo Fansipan l&agrave; một h&igrave;nh thức mang đến cảm gi&aacute;c cho bạn v&agrave; qu&yacute; kh&aacute;ch kh&ocirc;ng bị g&ograve; b&oacute; trong những lịch tr&igrave;nh tour c&oacute; sẵn. Du kh&aacute;ch thỏa sức l&ecirc;n kế hoạch cho chuyến đi của m&igrave;nh: Ở đ&acirc;u, ăn g&igrave;, chơi như thế n&agrave;o&hellip; lựa chọn đặt combo du lịch Pansipan ch&iacute;nh l&agrave; phương &aacute;n tốt nhất để tiết kiệm thời gian, c&ocirc;ng sức cho kh&aacute;ch du lịch m&agrave; vẫn kh&ocirc;ng l&agrave;m chuyến kh&aacute;m ph&aacute; của qu&yacute; kh&aacute;ch k&eacute;m đi phần th&uacute; vị.</p>\r\n	Sài gòn	Combo du lịch Fansipan 3N3Đ khách sạn 4 sao từ Sài Gòn giá tốt 2021	f	5700000.0	2400000.0	300000.0	<p>S&aacute;ng: Qu&yacute; kh&aacute;ch c&oacute; mặt tại ga S&agrave;i G&ograve;n, s&acirc;n bay T&acirc;n Sơn Nhất trước giờ bay &iacute;t nhất ba tiếng.</p>\r\n\r\n<p>&nbsp;</p>\r\n\r\n<p>Đại diện c&ocirc;ng ty Du Lịch Traversal đ&oacute;n v&agrave; hỗ trợ Qu&yacute; kh&aacute;ch l&agrave;m thủ tục đ&oacute;n chuyến bay đi Đ&agrave; Lạt. Đến s&acirc;n bay Đ&agrave; Lạt, Hướng dẫn vi&ecirc;n đ&oacute;n Qu&yacute; kh&aacute;ch khởi h&agrave;nh đến Đ&agrave; Lạt.</p>\r\n\r\n<p>&nbsp;</p>\r\n\r\n<p>Trưa: Tr&ecirc;n đường dừng ch&acirc;n, d&ugrave;ng cơm trưa. Đo&agrave;n tiếp tục khởi h&agrave;nh đến Đ&agrave; Lạt &ndash; nơi c&oacute; những con đường đ&egrave;o, cứ nối nhau quanh co uốn lượn, nơi c&oacute; những con người d&acirc;n tộc ch&acirc;n chất, mặc d&ugrave; cuộc sống ngh&egrave;o khổ nhưng tr&ecirc;n m&ocirc;i lu&ocirc;n nở nụ cười.</p>\r\n\r\n<p>&nbsp;</p>\r\n\r\n<p>Tối: D&ugrave;ng cơm tối. Nghỉ đ&ecirc;m Kh&aacute;ch sạn 4 sao.</p>\r\n	<p>S&aacute;ng: D&ugrave;ng bữa s&aacute;ng.</p>\r\n\r\n<p>&nbsp;</p>\r\n\r\n<p>Rời th&agrave;nh phố, đường l&ecirc;n Quản Bạ mở ra giữa hai b&ecirc;n v&aacute;ch n&uacute;i cao chất ngất, vượt v&ograve;ng cua kh&uacute;c khuỷu, đi l&ecirc;n đ&egrave;o Pắc Sum. Đo&agrave;n dừng ch&acirc;n ngắm cảnh v&agrave; chụp ảnh tại dốc Bắc Sum. L&ecirc;n đến Cổng Trời Quảng Bạ, Qu&yacute; kh&aacute;ch c&oacute; thể ngắm nh&igrave;n thị trấn Tam Sơn thơ mộng. N&uacute;i đ&ocirc;i Quản Bạ hiện l&ecirc;n giữa những n&uacute;i đ&aacute; tr&ugrave;ng điệp v&agrave; ruộng bậc thang với h&igrave;nh d&aacute;ng, thế đứng ngồ ngộ khiến du kh&aacute;ch kh&ocirc;ng khỏi ngỡ ng&agrave;ng trước vẻ đẹp kỳ vĩ của tạo ho&aacute;. Hai tr&aacute;i n&uacute;i gắn với truyền thuyết &ldquo;N&uacute;i C&ocirc; Ti&ecirc;n&rdquo; rất thi vị. Đến thăm L&agrave;ng dệt thổ cẩm truyền thống L&ugrave;ng T&aacute;m, nơi sinh sống của đồng b&agrave;o H&rsquo;M&ocirc;ng với nghề dệt thổ cẩm l&acirc;u đời. Đo&agrave;n khởi h&agrave;nh đi Y&ecirc;n Minh.</p>\r\n\r\n<p>&nbsp;</p>\r\n\r\n<p>Trưa: D&ugrave;ng cơm trưa.</p>\r\n\r\n<p>&nbsp;</p>\r\n\r\n<p>Gh&eacute; thăm Phố C&aacute;o, với những ng&ocirc;i nh&agrave; tường m&agrave;u đất v&agrave;ng đặc trưng, cổng gỗ nằm trong h&agrave;ng r&agrave;o đ&aacute; &ndash; n&eacute;t đặc trưng của v&ugrave;ng cao nguy&ecirc;n đ&aacute; với bốn d&acirc;n tộc M&ocirc;ng, H&aacute;n, Dao, Pu P&eacute;o. Từ hướng Y&ecirc;n Minh l&ecirc;n thị trấn Đồng Văn, đến ng&atilde; ba Ph&oacute; Bảng, khi đến đỉnh đ&egrave;o nơi ng&atilde; ba đi về Ph&oacute; Bảng, du kh&aacute;ch c&oacute; thể nh&igrave;n thấy to&agrave;n cảnh Sủng L&agrave; ph&iacute;a dưới thung lũng. Từ tr&ecirc;n con đường vắt vẻo lưng chừng trời nh&igrave;n xuống, qu&yacute; kh&aacute;ch được dịp chi&ecirc;m ngưỡng một bức tranh thi&ecirc;n nhi&ecirc;n thanh b&igrave;nh, xinh đẹp. Đến Sủng L&agrave; thăm nh&agrave; cổ H&rsquo;mong nơi quay bộ phim &quot;Chuyện của Pao&quot;. Đo&agrave;n đến khu di t&iacute;ch nh&agrave; vua m&egrave;o Vương Ch&iacute; S&igrave;nh một dinh thự của bậc đế vương xưa, l&agrave; một c&ocirc;ng tr&igrave;nh c&oacute; kiến tr&uacute;c đẹp, hiếm c&oacute; v&agrave; rất độc đ&aacute;o của H&agrave; Giang. Qu&yacute; kh&aacute;ch đến tham quan cột cờ Lũng C&uacute;, mảnh đất địa đầu Tổ quốc. Đứng tr&ecirc;n đỉnh cột cờ, Qu&yacute; kh&aacute;ch sẽ thấy to&agrave;n bộ l&agrave;ng văn h&oacute;a L&ocirc; L&ocirc;, ph&oacute;ng xa tầm mắt sẽ thấy những con đường nhỏ x&iacute;u, uốn lượn quanh những c&aacute;nh đồng l&uacute;a, những ng&ocirc;i nh&agrave; nh&agrave; lọt thỏm giữa m&agrave;u xanh của c&acirc;y cối.</p>\r\n\r\n<p>&nbsp;</p>\r\n\r\n<p>Tối: D&ugrave;ng cơm tối. Nghỉ đ&ecirc;m tại Kh&aacute;ch sạn 4 sao.</p>\r\n	<p>S&aacute;ng: D&ugrave;ng bữa s&aacute;ng Rời Kh&aacute;ch sạn đi tham quan danh lam thắng cảnh tuyệt đẹp c&oacute; tại Đ&agrave; Lạt</p>\r\n\r\n<p>&nbsp;</p>\r\n\r\n<p>Trưa: D&ugrave;ng bữa trưa Nghĩ ngơi sao đ&oacute; tiếp tục kh&aacute;m ph&aacute; những nơi tuyệt đẹp tại nơi đ&acirc;y</p>\r\n\r\n<p>&nbsp;</p>\r\n\r\n<p>Tối: Ăn tối L&ecirc;n xe để quay về Kết th&uacute;c chuyến đi.</p>\r\n	8399000
2	Tour Du Lịch Hội An	3 ngày, 3 đêm	3980000.0	3900000.0	10	10	2021-06-28	20	hoi_an_2.jpg	t	t	t	f	f	f	1	<p>03 đ&ecirc;m/ 4 đ&ecirc;m nghỉ tại kh&aacute;ch sạn (Miễn ph&iacute; bữa s&aacute;ng).</p>\r\n\r\n<p>&nbsp;</p>\r\n\r\n<p>Combo Hội An l&agrave; một h&igrave;nh thức mang đến cảm gi&aacute;c cho bạn v&agrave; qu&yacute; kh&aacute;ch kh&ocirc;ng bị g&ograve; b&oacute; trong những lịch tr&igrave;nh tour c&oacute; sẵn.</p>\r\n\r\n<p>&nbsp;</p>\r\n\r\n<p>Du kh&aacute;ch thỏa sức l&ecirc;n kế hoạch cho chuyến đi của m&igrave;nh: Ở đ&acirc;u, ăn g&igrave;, chơi như thế n&agrave;o&hellip; lựa chọn đặt combo du lịch Hội An ch&iacute;nh l&agrave; phương &aacute;n tốt nhất để tiết kiệm thời gian, c&ocirc;ng sức cho kh&aacute;ch du lịch m&agrave; vẫn kh&ocirc;ng l&agrave;m chuyến kh&aacute;m ph&aacute; của qu&yacute; kh&aacute;ch k&eacute;m đi phần th&uacute; vị.</p>\r\n	Sài gòn	Combo du lịch Hội An 3N3Đ khách sạn 4 sao từ Sài Gòn giá tốt 2021	f	5700000.0	2400000.0	300000.0	<p>S&aacute;ng: Qu&yacute; kh&aacute;ch c&oacute; mặt tại ga S&agrave;i G&ograve;n, s&acirc;n bay T&acirc;n Sơn Nhất trước giờ bay &iacute;t nhất ba tiếng.</p>\r\n\r\n<p>&nbsp;</p>\r\n\r\n<p>Đại diện c&ocirc;ng ty Du Lịch Traversal đ&oacute;n v&agrave; hỗ trợ Qu&yacute; kh&aacute;ch l&agrave;m thủ tục đ&oacute;n chuyến bay đi Đ&agrave; Lạt. Đến s&acirc;n bay Đ&agrave; Lạt, Hướng dẫn vi&ecirc;n đ&oacute;n Qu&yacute; kh&aacute;ch khởi h&agrave;nh đến Đ&agrave; Lạt.</p>\r\n\r\n<p>&nbsp;</p>\r\n\r\n<p>Trưa: Tr&ecirc;n đường dừng ch&acirc;n, d&ugrave;ng cơm trưa. Đo&agrave;n tiếp tục khởi h&agrave;nh đến Đ&agrave; Lạt &ndash; nơi c&oacute; những con đường đ&egrave;o, cứ nối nhau quanh co uốn lượn, nơi c&oacute; những con người d&acirc;n tộc ch&acirc;n chất, mặc d&ugrave; cuộc sống ngh&egrave;o khổ nhưng tr&ecirc;n m&ocirc;i lu&ocirc;n nở nụ cười.</p>\r\n\r\n<p>&nbsp;</p>\r\n\r\n<p>Tối: D&ugrave;ng cơm tối. Nghỉ đ&ecirc;m Kh&aacute;ch sạn 4 sao.</p>\r\n	<p>S&aacute;ng: D&ugrave;ng bữa s&aacute;ng.</p>\r\n\r\n<p>&nbsp;</p>\r\n\r\n<p>Rời th&agrave;nh phố, đường l&ecirc;n Quản Bạ mở ra giữa hai b&ecirc;n v&aacute;ch n&uacute;i cao chất ngất, vượt v&ograve;ng cua kh&uacute;c khuỷu, đi l&ecirc;n đ&egrave;o Pắc Sum. Đo&agrave;n dừng ch&acirc;n ngắm cảnh v&agrave; chụp ảnh tại dốc Bắc Sum. L&ecirc;n đến Cổng Trời Quảng Bạ, Qu&yacute; kh&aacute;ch c&oacute; thể ngắm nh&igrave;n thị trấn Tam Sơn thơ mộng. N&uacute;i đ&ocirc;i Quản Bạ hiện l&ecirc;n giữa những n&uacute;i đ&aacute; tr&ugrave;ng điệp v&agrave; ruộng bậc thang với h&igrave;nh d&aacute;ng, thế đứng ngồ ngộ khiến du kh&aacute;ch kh&ocirc;ng khỏi ngỡ ng&agrave;ng trước vẻ đẹp kỳ vĩ của tạo ho&aacute;. Hai tr&aacute;i n&uacute;i gắn với truyền thuyết &ldquo;N&uacute;i C&ocirc; Ti&ecirc;n&rdquo; rất thi vị. Đến thăm L&agrave;ng dệt thổ cẩm truyền thống L&ugrave;ng T&aacute;m, nơi sinh sống của đồng b&agrave;o H&rsquo;M&ocirc;ng với nghề dệt thổ cẩm l&acirc;u đời. Đo&agrave;n khởi h&agrave;nh đi Y&ecirc;n Minh.</p>\r\n\r\n<p>&nbsp;</p>\r\n\r\n<p>Trưa: D&ugrave;ng cơm trưa.</p>\r\n\r\n<p>&nbsp;</p>\r\n\r\n<p>Gh&eacute; thăm Phố C&aacute;o, với những ng&ocirc;i nh&agrave; tường m&agrave;u đất v&agrave;ng đặc trưng, cổng gỗ nằm trong h&agrave;ng r&agrave;o đ&aacute; &ndash; n&eacute;t đặc trưng của v&ugrave;ng cao nguy&ecirc;n đ&aacute; với bốn d&acirc;n tộc M&ocirc;ng, H&aacute;n, Dao, Pu P&eacute;o. Từ hướng Y&ecirc;n Minh l&ecirc;n thị trấn Đồng Văn, đến ng&atilde; ba Ph&oacute; Bảng, khi đến đỉnh đ&egrave;o nơi ng&atilde; ba đi về Ph&oacute; Bảng, du kh&aacute;ch c&oacute; thể nh&igrave;n thấy to&agrave;n cảnh Sủng L&agrave; ph&iacute;a dưới thung lũng. Từ tr&ecirc;n con đường vắt vẻo lưng chừng trời nh&igrave;n xuống, qu&yacute; kh&aacute;ch được dịp chi&ecirc;m ngưỡng một bức tranh thi&ecirc;n nhi&ecirc;n thanh b&igrave;nh, xinh đẹp. Đến Sủng L&agrave; thăm nh&agrave; cổ H&rsquo;mong nơi quay bộ phim &quot;Chuyện của Pao&quot;. Đo&agrave;n đến khu di t&iacute;ch nh&agrave; vua m&egrave;o Vương Ch&iacute; S&igrave;nh một dinh thự của bậc đế vương xưa, l&agrave; một c&ocirc;ng tr&igrave;nh c&oacute; kiến tr&uacute;c đẹp, hiếm c&oacute; v&agrave; rất độc đ&aacute;o của H&agrave; Giang. Qu&yacute; kh&aacute;ch đến tham quan cột cờ Lũng C&uacute;, mảnh đất địa đầu Tổ quốc. Đứng tr&ecirc;n đỉnh cột cờ, Qu&yacute; kh&aacute;ch sẽ thấy to&agrave;n bộ l&agrave;ng văn h&oacute;a L&ocirc; L&ocirc;, ph&oacute;ng xa tầm mắt sẽ thấy những con đường nhỏ x&iacute;u, uốn lượn quanh những c&aacute;nh đồng l&uacute;a, những ng&ocirc;i nh&agrave; nh&agrave; lọt thỏm giữa m&agrave;u xanh của c&acirc;y cối.</p>\r\n\r\n<p>&nbsp;</p>\r\n\r\n<p>Tối: D&ugrave;ng cơm tối. Nghỉ đ&ecirc;m tại Kh&aacute;ch sạn 4 sao.</p>\r\n	<p>S&aacute;ng: D&ugrave;ng bữa s&aacute;ng Rời Kh&aacute;ch sạn đi tham quan danh lam thắng cảnh tuyệt đẹp c&oacute; tại Đ&agrave; Lạt</p>\r\n\r\n<p>&nbsp;</p>\r\n\r\n<p>Trưa: D&ugrave;ng bữa trưa Nghĩ ngơi sao đ&oacute; tiếp tục kh&aacute;m ph&aacute; những nơi tuyệt đẹp tại nơi đ&acirc;y</p>\r\n\r\n<p>&nbsp;</p>\r\n\r\n<p>Tối: Ăn tối L&ecirc;n xe để quay về Kết th&uacute;c chuyến đi.</p>\r\n	8399000
14	Tour Du Lịch Cam Ranh	3 ngày, 3 đêm	3700000.0	3600000.0	17	3	2021-06-28	20	Camranh.jpg	t	t	t	f	f	f	1	<p>03 đ&ecirc;m/ 4 đ&ecirc;m nghỉ tại kh&aacute;ch sạn (Miễn ph&iacute; bữa s&aacute;ng).</p>\r\n\r\n<p>&nbsp;</p>\r\n\r\n<p>Combo Phan Thiết l&agrave; một h&igrave;nh thức mang đến cảm gi&aacute;c cho bạn v&agrave; qu&yacute; kh&aacute;ch kh&ocirc;ng bị g&ograve; b&oacute; trong những lịch tr&igrave;nh tour c&oacute; sẵn.</p>\r\n\r\n<p>&nbsp;</p>\r\n\r\n<p>Du kh&aacute;ch thỏa sức l&ecirc;n kế hoạch cho chuyến đi của m&igrave;nh: Ở đ&acirc;u, ăn g&igrave;, chơi như thế n&agrave;o&hellip; lựa chọn đặt combo du lịch Phan Thiết ch&iacute;nh l&agrave; phương &aacute;n tốt nhất để tiết kiệm thời gian, c&ocirc;ng sức cho kh&aacute;ch du lịch m&agrave; vẫn kh&ocirc;ng l&agrave;m chuyến kh&aacute;m ph&aacute; của qu&yacute; kh&aacute;ch k&eacute;m đi phần th&uacute; vị.</p>\r\n	Sài gòn	Combo du lịch Phan Thiết 3N3Đ khách sạn 4 sao từ Sài Gòn giá tốt 2021	f	5700000.0	2400000.0	300000.0	<p>S&aacute;ng: Qu&yacute; kh&aacute;ch c&oacute; mặt tại ga S&agrave;i G&ograve;n, s&acirc;n bay T&acirc;n Sơn Nhất trước giờ bay &iacute;t nhất ba tiếng.</p>\r\n\r\n<p>&nbsp;</p>\r\n\r\n<p>Đại diện c&ocirc;ng ty Du Lịch Traversal đ&oacute;n v&agrave; hỗ trợ Qu&yacute; kh&aacute;ch l&agrave;m thủ tục đ&oacute;n chuyến bay đi Đ&agrave; Lạt. Đến s&acirc;n bay Đ&agrave; Lạt, Hướng dẫn vi&ecirc;n đ&oacute;n Qu&yacute; kh&aacute;ch khởi h&agrave;nh đến Đ&agrave; Lạt.</p>\r\n\r\n<p>&nbsp;</p>\r\n\r\n<p>Trưa: Tr&ecirc;n đường dừng ch&acirc;n, d&ugrave;ng cơm trưa. Đo&agrave;n tiếp tục khởi h&agrave;nh đến Đ&agrave; Lạt &ndash; nơi c&oacute; những con đường đ&egrave;o, cứ nối nhau quanh co uốn lượn, nơi c&oacute; những con người d&acirc;n tộc ch&acirc;n chất, mặc d&ugrave; cuộc sống ngh&egrave;o khổ nhưng tr&ecirc;n m&ocirc;i lu&ocirc;n nở nụ cười.</p>\r\n\r\n<p>&nbsp;</p>\r\n\r\n<p>Tối: D&ugrave;ng cơm tối. Nghỉ đ&ecirc;m Kh&aacute;ch sạn 4 sao.</p>\r\n	<p>S&aacute;ng: D&ugrave;ng bữa s&aacute;ng.</p>\r\n\r\n<p>&nbsp;</p>\r\n\r\n<p>Rời th&agrave;nh phố, đường l&ecirc;n Quản Bạ mở ra giữa hai b&ecirc;n v&aacute;ch n&uacute;i cao chất ngất, vượt v&ograve;ng cua kh&uacute;c khuỷu, đi l&ecirc;n đ&egrave;o Pắc Sum. Đo&agrave;n dừng ch&acirc;n ngắm cảnh v&agrave; chụp ảnh tại dốc Bắc Sum. L&ecirc;n đến Cổng Trời Quảng Bạ, Qu&yacute; kh&aacute;ch c&oacute; thể ngắm nh&igrave;n thị trấn Tam Sơn thơ mộng. N&uacute;i đ&ocirc;i Quản Bạ hiện l&ecirc;n giữa những n&uacute;i đ&aacute; tr&ugrave;ng điệp v&agrave; ruộng bậc thang với h&igrave;nh d&aacute;ng, thế đứng ngồ ngộ khiến du kh&aacute;ch kh&ocirc;ng khỏi ngỡ ng&agrave;ng trước vẻ đẹp kỳ vĩ của tạo ho&aacute;. Hai tr&aacute;i n&uacute;i gắn với truyền thuyết &ldquo;N&uacute;i C&ocirc; Ti&ecirc;n&rdquo; rất thi vị. Đến thăm L&agrave;ng dệt thổ cẩm truyền thống L&ugrave;ng T&aacute;m, nơi sinh sống của đồng b&agrave;o H&rsquo;M&ocirc;ng với nghề dệt thổ cẩm l&acirc;u đời. Đo&agrave;n khởi h&agrave;nh đi Y&ecirc;n Minh.</p>\r\n\r\n<p>&nbsp;</p>\r\n\r\n<p>Trưa: D&ugrave;ng cơm trưa.</p>\r\n\r\n<p>&nbsp;</p>\r\n\r\n<p>Gh&eacute; thăm Phố C&aacute;o, với những ng&ocirc;i nh&agrave; tường m&agrave;u đất v&agrave;ng đặc trưng, cổng gỗ nằm trong h&agrave;ng r&agrave;o đ&aacute; &ndash; n&eacute;t đặc trưng của v&ugrave;ng cao nguy&ecirc;n đ&aacute; với bốn d&acirc;n tộc M&ocirc;ng, H&aacute;n, Dao, Pu P&eacute;o. Từ hướng Y&ecirc;n Minh l&ecirc;n thị trấn Đồng Văn, đến ng&atilde; ba Ph&oacute; Bảng, khi đến đỉnh đ&egrave;o nơi ng&atilde; ba đi về Ph&oacute; Bảng, du kh&aacute;ch c&oacute; thể nh&igrave;n thấy to&agrave;n cảnh Sủng L&agrave; ph&iacute;a dưới thung lũng. Từ tr&ecirc;n con đường vắt vẻo lưng chừng trời nh&igrave;n xuống, qu&yacute; kh&aacute;ch được dịp chi&ecirc;m ngưỡng một bức tranh thi&ecirc;n nhi&ecirc;n thanh b&igrave;nh, xinh đẹp. Đến Sủng L&agrave; thăm nh&agrave; cổ H&rsquo;mong nơi quay bộ phim &quot;Chuyện của Pao&quot;. Đo&agrave;n đến khu di t&iacute;ch nh&agrave; vua m&egrave;o Vương Ch&iacute; S&igrave;nh một dinh thự của bậc đế vương xưa, l&agrave; một c&ocirc;ng tr&igrave;nh c&oacute; kiến tr&uacute;c đẹp, hiếm c&oacute; v&agrave; rất độc đ&aacute;o của H&agrave; Giang. Qu&yacute; kh&aacute;ch đến tham quan cột cờ Lũng C&uacute;, mảnh đất địa đầu Tổ quốc. Đứng tr&ecirc;n đỉnh cột cờ, Qu&yacute; kh&aacute;ch sẽ thấy to&agrave;n bộ l&agrave;ng văn h&oacute;a L&ocirc; L&ocirc;, ph&oacute;ng xa tầm mắt sẽ thấy những con đường nhỏ x&iacute;u, uốn lượn quanh những c&aacute;nh đồng l&uacute;a, những ng&ocirc;i nh&agrave; nh&agrave; lọt thỏm giữa m&agrave;u xanh của c&acirc;y cối.</p>\r\n\r\n<p>&nbsp;</p>\r\n\r\n<p>Tối: D&ugrave;ng cơm tối. Nghỉ đ&ecirc;m tại Kh&aacute;ch sạn 4 sao.</p>\r\n	<p>S&aacute;ng: D&ugrave;ng bữa s&aacute;ng Rời Kh&aacute;ch sạn đi tham quan danh lam thắng cảnh tuyệt đẹp c&oacute; tại Đ&agrave; Lạt</p>\r\n\r\n<p>&nbsp;</p>\r\n\r\n<p>Trưa: D&ugrave;ng bữa trưa Nghĩ ngơi sao đ&oacute; tiếp tục kh&aacute;m ph&aacute; những nơi tuyệt đẹp tại nơi đ&acirc;y</p>\r\n\r\n<p>&nbsp;</p>\r\n\r\n<p>Tối: Ăn tối L&ecirc;n xe để quay về Kết th&uacute;c chuyến đi.</p>\r\n	8399000
7	Tour Du Lịch Phú Quốc	3 ngày, 3 đêm	4800000.0	4700000.0	3	17	2021-06-28	20	Phuquoc-vinpearl.jpg	t	t	t	f	f	f	1	<p>03 đ&ecirc;m/ 4 đ&ecirc;m nghỉ tại kh&aacute;ch sạn (Miễn ph&iacute; bữa s&aacute;ng).</p>\r\n\r\n<p>&nbsp;</p>\r\n\r\n<p>Combo Đảo Ph&uacute; Quốc l&agrave; một h&igrave;nh thức mang đến cảm gi&aacute;c cho bạn v&agrave; qu&yacute; kh&aacute;ch kh&ocirc;ng bị g&ograve; b&oacute; trong những lịch tr&igrave;nh tour c&oacute; sẵn.</p>\r\n\r\n<p>&nbsp;</p>\r\n\r\n<p>Du kh&aacute;ch thỏa sức l&ecirc;n kế hoạch cho chuyến đi của m&igrave;nh: Ở đ&acirc;u, ăn g&igrave;, chơi như thế n&agrave;o&hellip; lựa chọn đặt combo du lịch Đảo Ph&uacute; Quốc ch&iacute;nh l&agrave; phương &aacute;n tốt nhất để tiết kiệm thời gian, c&ocirc;ng sức cho kh&aacute;ch du lịch m&agrave; vẫn kh&ocirc;ng l&agrave;m chuyến kh&aacute;m ph&aacute; của qu&yacute; kh&aacute;ch k&eacute;m đi phần th&uacute; vị.</p>\r\n	Sài gòn	Combo du lịch Đảo Phú Quốc 3N3Đ khách sạn 4 sao từ Sài Gòn giá tốt 2021	f	5700000.0	2400000.0	300000.0	<p>S&aacute;ng: Qu&yacute; kh&aacute;ch c&oacute; mặt tại ga S&agrave;i G&ograve;n, s&acirc;n bay T&acirc;n Sơn Nhất trước giờ bay &iacute;t nhất ba tiếng.</p>\r\n\r\n<p>&nbsp;</p>\r\n\r\n<p>Đại diện c&ocirc;ng ty Du Lịch Traversal đ&oacute;n v&agrave; hỗ trợ Qu&yacute; kh&aacute;ch l&agrave;m thủ tục đ&oacute;n chuyến bay đi Đ&agrave; Lạt. Đến s&acirc;n bay Đ&agrave; Lạt, Hướng dẫn vi&ecirc;n đ&oacute;n Qu&yacute; kh&aacute;ch khởi h&agrave;nh đến Đ&agrave; Lạt.</p>\r\n\r\n<p>&nbsp;</p>\r\n\r\n<p>Trưa: Tr&ecirc;n đường dừng ch&acirc;n, d&ugrave;ng cơm trưa. Đo&agrave;n tiếp tục khởi h&agrave;nh đến Đ&agrave; Lạt &ndash; nơi c&oacute; những con đường đ&egrave;o, cứ nối nhau quanh co uốn lượn, nơi c&oacute; những con người d&acirc;n tộc ch&acirc;n chất, mặc d&ugrave; cuộc sống ngh&egrave;o khổ nhưng tr&ecirc;n m&ocirc;i lu&ocirc;n nở nụ cười.</p>\r\n\r\n<p>&nbsp;</p>\r\n\r\n<p>Tối: D&ugrave;ng cơm tối. Nghỉ đ&ecirc;m Kh&aacute;ch sạn 4 sao.</p>\r\n	<p>S&aacute;ng: D&ugrave;ng bữa s&aacute;ng.</p>\r\n\r\n<p>&nbsp;</p>\r\n\r\n<p>Rời th&agrave;nh phố, đường l&ecirc;n Quản Bạ mở ra giữa hai b&ecirc;n v&aacute;ch n&uacute;i cao chất ngất, vượt v&ograve;ng cua kh&uacute;c khuỷu, đi l&ecirc;n đ&egrave;o Pắc Sum. Đo&agrave;n dừng ch&acirc;n ngắm cảnh v&agrave; chụp ảnh tại dốc Bắc Sum. L&ecirc;n đến Cổng Trời Quảng Bạ, Qu&yacute; kh&aacute;ch c&oacute; thể ngắm nh&igrave;n thị trấn Tam Sơn thơ mộng. N&uacute;i đ&ocirc;i Quản Bạ hiện l&ecirc;n giữa những n&uacute;i đ&aacute; tr&ugrave;ng điệp v&agrave; ruộng bậc thang với h&igrave;nh d&aacute;ng, thế đứng ngồ ngộ khiến du kh&aacute;ch kh&ocirc;ng khỏi ngỡ ng&agrave;ng trước vẻ đẹp kỳ vĩ của tạo ho&aacute;. Hai tr&aacute;i n&uacute;i gắn với truyền thuyết &ldquo;N&uacute;i C&ocirc; Ti&ecirc;n&rdquo; rất thi vị. Đến thăm L&agrave;ng dệt thổ cẩm truyền thống L&ugrave;ng T&aacute;m, nơi sinh sống của đồng b&agrave;o H&rsquo;M&ocirc;ng với nghề dệt thổ cẩm l&acirc;u đời. Đo&agrave;n khởi h&agrave;nh đi Y&ecirc;n Minh.</p>\r\n\r\n<p>&nbsp;</p>\r\n\r\n<p>Trưa: D&ugrave;ng cơm trưa.</p>\r\n\r\n<p>&nbsp;</p>\r\n\r\n<p>Gh&eacute; thăm Phố C&aacute;o, với những ng&ocirc;i nh&agrave; tường m&agrave;u đất v&agrave;ng đặc trưng, cổng gỗ nằm trong h&agrave;ng r&agrave;o đ&aacute; &ndash; n&eacute;t đặc trưng của v&ugrave;ng cao nguy&ecirc;n đ&aacute; với bốn d&acirc;n tộc M&ocirc;ng, H&aacute;n, Dao, Pu P&eacute;o. Từ hướng Y&ecirc;n Minh l&ecirc;n thị trấn Đồng Văn, đến ng&atilde; ba Ph&oacute; Bảng, khi đến đỉnh đ&egrave;o nơi ng&atilde; ba đi về Ph&oacute; Bảng, du kh&aacute;ch c&oacute; thể nh&igrave;n thấy to&agrave;n cảnh Sủng L&agrave; ph&iacute;a dưới thung lũng. Từ tr&ecirc;n con đường vắt vẻo lưng chừng trời nh&igrave;n xuống, qu&yacute; kh&aacute;ch được dịp chi&ecirc;m ngưỡng một bức tranh thi&ecirc;n nhi&ecirc;n thanh b&igrave;nh, xinh đẹp. Đến Sủng L&agrave; thăm nh&agrave; cổ H&rsquo;mong nơi quay bộ phim &quot;Chuyện của Pao&quot;. Đo&agrave;n đến khu di t&iacute;ch nh&agrave; vua m&egrave;o Vương Ch&iacute; S&igrave;nh một dinh thự của bậc đế vương xưa, l&agrave; một c&ocirc;ng tr&igrave;nh c&oacute; kiến tr&uacute;c đẹp, hiếm c&oacute; v&agrave; rất độc đ&aacute;o của H&agrave; Giang. Qu&yacute; kh&aacute;ch đến tham quan cột cờ Lũng C&uacute;, mảnh đất địa đầu Tổ quốc. Đứng tr&ecirc;n đỉnh cột cờ, Qu&yacute; kh&aacute;ch sẽ thấy to&agrave;n bộ l&agrave;ng văn h&oacute;a L&ocirc; L&ocirc;, ph&oacute;ng xa tầm mắt sẽ thấy những con đường nhỏ x&iacute;u, uốn lượn quanh những c&aacute;nh đồng l&uacute;a, những ng&ocirc;i nh&agrave; nh&agrave; lọt thỏm giữa m&agrave;u xanh của c&acirc;y cối.</p>\r\n\r\n<p>&nbsp;</p>\r\n\r\n<p>Tối: D&ugrave;ng cơm tối. Nghỉ đ&ecirc;m tại Kh&aacute;ch sạn 4 sao.</p>\r\n	<p>S&aacute;ng: D&ugrave;ng bữa s&aacute;ng Rời Kh&aacute;ch sạn đi tham quan danh lam thắng cảnh tuyệt đẹp c&oacute; tại Đ&agrave; Lạt</p>\r\n\r\n<p>&nbsp;</p>\r\n\r\n<p>Trưa: D&ugrave;ng bữa trưa Nghĩ ngơi sao đ&oacute; tiếp tục kh&aacute;m ph&aacute; những nơi tuyệt đẹp tại nơi đ&acirc;y</p>\r\n\r\n<p>&nbsp;</p>\r\n\r\n<p>Tối: Ăn tối L&ecirc;n xe để quay về Kết th&uacute;c chuyến đi.</p>\r\n	8399000
192			0.0	0.0	0	0	2021-07-02	0		t	t	f	f	f	f	0				f	0.0	0.0	0.0				0.0
4	Tour Du Lịch Nha Trang	3 ngày, 3 đêm	5900000.0	5800000.0	1	21	2021-06-28	20	vinpearl-nha-trang.jpg	t	t	t	f	f	f	1	<p>03 đ&ecirc;m/ 4 đ&ecirc;m nghỉ tại kh&aacute;ch sạn (Miễn ph&iacute; bữa s&aacute;ng).</p>\r\n\r\n<p>&nbsp;</p>\r\n\r\n<p>Combo Đảo L&yacute; Sơn l&agrave; một h&igrave;nh thức mang đến cảm gi&aacute;c cho bạn v&agrave; qu&yacute; kh&aacute;ch kh&ocirc;ng bị g&ograve; b&oacute; trong những lịch tr&igrave;nh tour c&oacute; sẵn.</p>\r\n\r\n<p>&nbsp;</p>\r\n\r\n<p>Du kh&aacute;ch thỏa sức l&ecirc;n kế hoạch cho chuyến đi của m&igrave;nh: Ở đ&acirc;u, ăn g&igrave;, chơi như thế n&agrave;o&hellip; lựa chọn đặt combo du lịch Đảo L&yacute; Sơn ch&iacute;nh l&agrave; phương &aacute;n tốt nhất để tiết kiệm thời gian, c&ocirc;ng sức cho kh&aacute;ch du lịch m&agrave; vẫn kh&ocirc;ng l&agrave;m chuyến kh&aacute;m ph&aacute; của qu&yacute; kh&aacute;ch k&eacute;m đi phần th&uacute; vị.</p>\r\n	Sài gòn	Combo du lịch Đảo Lý Sơn 3N3Đ khách sạn 4 sao từ Sài Gòn giá tốt 2021	f	5700000.0	2400000.0	300000.0	<p>S&aacute;ng: Qu&yacute; kh&aacute;ch c&oacute; mặt tại ga S&agrave;i G&ograve;n, s&acirc;n bay T&acirc;n Sơn Nhất trước giờ bay &iacute;t nhất ba tiếng.</p>\r\n\r\n<p>&nbsp;</p>\r\n\r\n<p>Đại diện c&ocirc;ng ty Du Lịch Traversal đ&oacute;n v&agrave; hỗ trợ Qu&yacute; kh&aacute;ch l&agrave;m thủ tục đ&oacute;n chuyến bay đi Đ&agrave; Lạt. Đến s&acirc;n bay Đ&agrave; Lạt, Hướng dẫn vi&ecirc;n đ&oacute;n Qu&yacute; kh&aacute;ch khởi h&agrave;nh đến Đ&agrave; Lạt.</p>\r\n\r\n<p>&nbsp;</p>\r\n\r\n<p>Trưa: Tr&ecirc;n đường dừng ch&acirc;n, d&ugrave;ng cơm trưa. Đo&agrave;n tiếp tục khởi h&agrave;nh đến Đ&agrave; Lạt &ndash; nơi c&oacute; những con đường đ&egrave;o, cứ nối nhau quanh co uốn lượn, nơi c&oacute; những con người d&acirc;n tộc ch&acirc;n chất, mặc d&ugrave; cuộc sống ngh&egrave;o khổ nhưng tr&ecirc;n m&ocirc;i lu&ocirc;n nở nụ cười.</p>\r\n\r\n<p>&nbsp;</p>\r\n\r\n<p>Tối: D&ugrave;ng cơm tối. Nghỉ đ&ecirc;m Kh&aacute;ch sạn 4 sao.</p>\r\n	<p>S&aacute;ng: D&ugrave;ng bữa s&aacute;ng.</p>\r\n\r\n<p>&nbsp;</p>\r\n\r\n<p>Rời th&agrave;nh phố, đường l&ecirc;n Quản Bạ mở ra giữa hai b&ecirc;n v&aacute;ch n&uacute;i cao chất ngất, vượt v&ograve;ng cua kh&uacute;c khuỷu, đi l&ecirc;n đ&egrave;o Pắc Sum. Đo&agrave;n dừng ch&acirc;n ngắm cảnh v&agrave; chụp ảnh tại dốc Bắc Sum. L&ecirc;n đến Cổng Trời Quảng Bạ, Qu&yacute; kh&aacute;ch c&oacute; thể ngắm nh&igrave;n thị trấn Tam Sơn thơ mộng. N&uacute;i đ&ocirc;i Quản Bạ hiện l&ecirc;n giữa những n&uacute;i đ&aacute; tr&ugrave;ng điệp v&agrave; ruộng bậc thang với h&igrave;nh d&aacute;ng, thế đứng ngồ ngộ khiến du kh&aacute;ch kh&ocirc;ng khỏi ngỡ ng&agrave;ng trước vẻ đẹp kỳ vĩ của tạo ho&aacute;. Hai tr&aacute;i n&uacute;i gắn với truyền thuyết &ldquo;N&uacute;i C&ocirc; Ti&ecirc;n&rdquo; rất thi vị. Đến thăm L&agrave;ng dệt thổ cẩm truyền thống L&ugrave;ng T&aacute;m, nơi sinh sống của đồng b&agrave;o H&rsquo;M&ocirc;ng với nghề dệt thổ cẩm l&acirc;u đời. Đo&agrave;n khởi h&agrave;nh đi Y&ecirc;n Minh.</p>\r\n\r\n<p>&nbsp;</p>\r\n\r\n<p>Trưa: D&ugrave;ng cơm trưa.</p>\r\n\r\n<p>&nbsp;</p>\r\n\r\n<p>Gh&eacute; thăm Phố C&aacute;o, với những ng&ocirc;i nh&agrave; tường m&agrave;u đất v&agrave;ng đặc trưng, cổng gỗ nằm trong h&agrave;ng r&agrave;o đ&aacute; &ndash; n&eacute;t đặc trưng của v&ugrave;ng cao nguy&ecirc;n đ&aacute; với bốn d&acirc;n tộc M&ocirc;ng, H&aacute;n, Dao, Pu P&eacute;o. Từ hướng Y&ecirc;n Minh l&ecirc;n thị trấn Đồng Văn, đến ng&atilde; ba Ph&oacute; Bảng, khi đến đỉnh đ&egrave;o nơi ng&atilde; ba đi về Ph&oacute; Bảng, du kh&aacute;ch c&oacute; thể nh&igrave;n thấy to&agrave;n cảnh Sủng L&agrave; ph&iacute;a dưới thung lũng. Từ tr&ecirc;n con đường vắt vẻo lưng chừng trời nh&igrave;n xuống, qu&yacute; kh&aacute;ch được dịp chi&ecirc;m ngưỡng một bức tranh thi&ecirc;n nhi&ecirc;n thanh b&igrave;nh, xinh đẹp. Đến Sủng L&agrave; thăm nh&agrave; cổ H&rsquo;mong nơi quay bộ phim &quot;Chuyện của Pao&quot;. Đo&agrave;n đến khu di t&iacute;ch nh&agrave; vua m&egrave;o Vương Ch&iacute; S&igrave;nh một dinh thự của bậc đế vương xưa, l&agrave; một c&ocirc;ng tr&igrave;nh c&oacute; kiến tr&uacute;c đẹp, hiếm c&oacute; v&agrave; rất độc đ&aacute;o của H&agrave; Giang. Qu&yacute; kh&aacute;ch đến tham quan cột cờ Lũng C&uacute;, mảnh đất địa đầu Tổ quốc. Đứng tr&ecirc;n đỉnh cột cờ, Qu&yacute; kh&aacute;ch sẽ thấy to&agrave;n bộ l&agrave;ng văn h&oacute;a L&ocirc; L&ocirc;, ph&oacute;ng xa tầm mắt sẽ thấy những con đường nhỏ x&iacute;u, uốn lượn quanh những c&aacute;nh đồng l&uacute;a, những ng&ocirc;i nh&agrave; nh&agrave; lọt thỏm giữa m&agrave;u xanh của c&acirc;y cối.</p>\r\n\r\n<p>&nbsp;</p>\r\n\r\n<p>Tối: D&ugrave;ng cơm tối. Nghỉ đ&ecirc;m tại Kh&aacute;ch sạn 4 sao.</p>\r\n	<p>S&aacute;ng: D&ugrave;ng bữa s&aacute;ng Rời Kh&aacute;ch sạn đi tham quan danh lam thắng cảnh tuyệt đẹp c&oacute; tại Đ&agrave; Lạt</p>\r\n\r\n<p>&nbsp;</p>\r\n\r\n<p>Trưa: D&ugrave;ng bữa trưa Nghĩ ngơi sao đ&oacute; tiếp tục kh&aacute;m ph&aacute; những nơi tuyệt đẹp tại nơi đ&acirc;y</p>\r\n\r\n<p>&nbsp;</p>\r\n\r\n<p>Tối: Ăn tối L&ecirc;n xe để quay về Kết th&uacute;c chuyến đi.</p>\r\n	8399000
3	Tour Du Lịch Huế	3 ngày, 3 đêm	3400000.0	3300000.0	12	8	2021-06-28	20	kinh-thanh-hue-14.jpg	t	t	t	f	f	f	1	<p>03 đ&ecirc;m/ 4 đ&ecirc;m nghỉ tại kh&aacute;ch sạn (Miễn ph&iacute; bữa s&aacute;ng).</p>\r\n\r\n<p>&nbsp;</p>\r\n\r\n<p>Combo Huế l&agrave; một h&igrave;nh thức mang đến cảm gi&aacute;c cho bạn v&agrave; qu&yacute; kh&aacute;ch kh&ocirc;ng bị g&ograve; b&oacute; trong những lịch tr&igrave;nh tour c&oacute; sẵn.</p>\r\n\r\n<p>&nbsp;</p>\r\n\r\n<p>Du kh&aacute;ch thỏa sức l&ecirc;n kế hoạch cho chuyến đi của m&igrave;nh: Ở đ&acirc;u, ăn g&igrave;, chơi như thế n&agrave;o&hellip; lựa chọn đặt combo du lịch Huế ch&iacute;nh l&agrave; phương &aacute;n tốt nhất để tiết kiệm thời gian, c&ocirc;ng sức cho kh&aacute;ch du lịch m&agrave; vẫn kh&ocirc;ng l&agrave;m chuyến kh&aacute;m ph&aacute; của qu&yacute; kh&aacute;ch k&eacute;m đi phần th&uacute; vị.</p>\r\n	Sài gòn	Combo du lịch Huế 3N3Đ khách sạn 4 sao từ Sài Gòn giá tốt 2021	f	5700000.0	2400000.0	300000.0	<p>S&aacute;ng: Qu&yacute; kh&aacute;ch c&oacute; mặt tại ga S&agrave;i G&ograve;n, s&acirc;n bay T&acirc;n Sơn Nhất trước giờ bay &iacute;t nhất ba tiếng.</p>\r\n\r\n<p>&nbsp;</p>\r\n\r\n<p>Đại diện c&ocirc;ng ty Du Lịch Traversal đ&oacute;n v&agrave; hỗ trợ Qu&yacute; kh&aacute;ch l&agrave;m thủ tục đ&oacute;n chuyến bay đi Đ&agrave; Lạt. Đến s&acirc;n bay Đ&agrave; Lạt, Hướng dẫn vi&ecirc;n đ&oacute;n Qu&yacute; kh&aacute;ch khởi h&agrave;nh đến Đ&agrave; Lạt.</p>\r\n\r\n<p>&nbsp;</p>\r\n\r\n<p>Trưa: Tr&ecirc;n đường dừng ch&acirc;n, d&ugrave;ng cơm trưa. Đo&agrave;n tiếp tục khởi h&agrave;nh đến Đ&agrave; Lạt &ndash; nơi c&oacute; những con đường đ&egrave;o, cứ nối nhau quanh co uốn lượn, nơi c&oacute; những con người d&acirc;n tộc ch&acirc;n chất, mặc d&ugrave; cuộc sống ngh&egrave;o khổ nhưng tr&ecirc;n m&ocirc;i lu&ocirc;n nở nụ cười.</p>\r\n\r\n<p>&nbsp;</p>\r\n\r\n<p>Tối: D&ugrave;ng cơm tối. Nghỉ đ&ecirc;m Kh&aacute;ch sạn 4 sao.</p>\r\n	<p>S&aacute;ng: D&ugrave;ng bữa s&aacute;ng.</p>\r\n\r\n<p>&nbsp;</p>\r\n\r\n<p>Rời th&agrave;nh phố, đường l&ecirc;n Quản Bạ mở ra giữa hai b&ecirc;n v&aacute;ch n&uacute;i cao chất ngất, vượt v&ograve;ng cua kh&uacute;c khuỷu, đi l&ecirc;n đ&egrave;o Pắc Sum. Đo&agrave;n dừng ch&acirc;n ngắm cảnh v&agrave; chụp ảnh tại dốc Bắc Sum. L&ecirc;n đến Cổng Trời Quảng Bạ, Qu&yacute; kh&aacute;ch c&oacute; thể ngắm nh&igrave;n thị trấn Tam Sơn thơ mộng. N&uacute;i đ&ocirc;i Quản Bạ hiện l&ecirc;n giữa những n&uacute;i đ&aacute; tr&ugrave;ng điệp v&agrave; ruộng bậc thang với h&igrave;nh d&aacute;ng, thế đứng ngồ ngộ khiến du kh&aacute;ch kh&ocirc;ng khỏi ngỡ ng&agrave;ng trước vẻ đẹp kỳ vĩ của tạo ho&aacute;. Hai tr&aacute;i n&uacute;i gắn với truyền thuyết &ldquo;N&uacute;i C&ocirc; Ti&ecirc;n&rdquo; rất thi vị. Đến thăm L&agrave;ng dệt thổ cẩm truyền thống L&ugrave;ng T&aacute;m, nơi sinh sống của đồng b&agrave;o H&rsquo;M&ocirc;ng với nghề dệt thổ cẩm l&acirc;u đời. Đo&agrave;n khởi h&agrave;nh đi Y&ecirc;n Minh.</p>\r\n\r\n<p>&nbsp;</p>\r\n\r\n<p>Trưa: D&ugrave;ng cơm trưa.</p>\r\n\r\n<p>&nbsp;</p>\r\n\r\n<p>Gh&eacute; thăm Phố C&aacute;o, với những ng&ocirc;i nh&agrave; tường m&agrave;u đất v&agrave;ng đặc trưng, cổng gỗ nằm trong h&agrave;ng r&agrave;o đ&aacute; &ndash; n&eacute;t đặc trưng của v&ugrave;ng cao nguy&ecirc;n đ&aacute; với bốn d&acirc;n tộc M&ocirc;ng, H&aacute;n, Dao, Pu P&eacute;o. Từ hướng Y&ecirc;n Minh l&ecirc;n thị trấn Đồng Văn, đến ng&atilde; ba Ph&oacute; Bảng, khi đến đỉnh đ&egrave;o nơi ng&atilde; ba đi về Ph&oacute; Bảng, du kh&aacute;ch c&oacute; thể nh&igrave;n thấy to&agrave;n cảnh Sủng L&agrave; ph&iacute;a dưới thung lũng. Từ tr&ecirc;n con đường vắt vẻo lưng chừng trời nh&igrave;n xuống, qu&yacute; kh&aacute;ch được dịp chi&ecirc;m ngưỡng một bức tranh thi&ecirc;n nhi&ecirc;n thanh b&igrave;nh, xinh đẹp. Đến Sủng L&agrave; thăm nh&agrave; cổ H&rsquo;mong nơi quay bộ phim &quot;Chuyện của Pao&quot;. Đo&agrave;n đến khu di t&iacute;ch nh&agrave; vua m&egrave;o Vương Ch&iacute; S&igrave;nh một dinh thự của bậc đế vương xưa, l&agrave; một c&ocirc;ng tr&igrave;nh c&oacute; kiến tr&uacute;c đẹp, hiếm c&oacute; v&agrave; rất độc đ&aacute;o của H&agrave; Giang. Qu&yacute; kh&aacute;ch đến tham quan cột cờ Lũng C&uacute;, mảnh đất địa đầu Tổ quốc. Đứng tr&ecirc;n đỉnh cột cờ, Qu&yacute; kh&aacute;ch sẽ thấy to&agrave;n bộ l&agrave;ng văn h&oacute;a L&ocirc; L&ocirc;, ph&oacute;ng xa tầm mắt sẽ thấy những con đường nhỏ x&iacute;u, uốn lượn quanh những c&aacute;nh đồng l&uacute;a, những ng&ocirc;i nh&agrave; nh&agrave; lọt thỏm giữa m&agrave;u xanh của c&acirc;y cối.</p>\r\n\r\n<p>&nbsp;</p>\r\n\r\n<p>Tối: D&ugrave;ng cơm tối. Nghỉ đ&ecirc;m tại Kh&aacute;ch sạn 4 sao.</p>\r\n	<p>S&aacute;ng: D&ugrave;ng bữa s&aacute;ng Rời Kh&aacute;ch sạn đi tham quan danh lam thắng cảnh tuyệt đẹp c&oacute; tại Đ&agrave; Lạt</p>\r\n\r\n<p>&nbsp;</p>\r\n\r\n<p>Trưa: D&ugrave;ng bữa trưa Nghĩ ngơi sao đ&oacute; tiếp tục kh&aacute;m ph&aacute; những nơi tuyệt đẹp tại nơi đ&acirc;y</p>\r\n\r\n<p>&nbsp;</p>\r\n\r\n<p>Tối: Ăn tối L&ecirc;n xe để quay về Kết th&uacute;c chuyến đi.</p>\r\n	8399000
\.


--
-- TOC entry 2877 (class 0 OID 73744)
-- Dependencies: 205
-- Data for Name: user_account; Type: TABLE DATA; Schema: public; Owner: postgres
--

COPY public.user_account (id, users, password, display_name, address, status) FROM stdin;
59	thuong@gmail.com	$2a$12$wNVtViDGiVHqr2e7JpcqH.bcChdP0xvfuVefSz/9BY.AVT1pvQbYm	thuong	36 đường 22 phước long b quận 9	0
58	admin@gmail.com	$2a$12$pXEBJK2dYJ2UZKFz3NY2pujon/FCEEfdprMmC/sMWmE7pM5daodnC	Admin	49, duong 102, tang nhon phu A, Quan 9	1
\.


--
-- TOC entry 2891 (class 0 OID 0)
-- Dependencies: 206
-- Name: User_account_id_seq; Type: SEQUENCE SET; Schema: public; Owner: postgres
--

SELECT pg_catalog.setval('public."User_account_id_seq"', 59, true);


--
-- TOC entry 2892 (class 0 OID 0)
-- Dependencies: 209
-- Name: billdetail_id_seq; Type: SEQUENCE SET; Schema: public; Owner: postgres
--

SELECT pg_catalog.setval('public.billdetail_id_seq', 35, true);


--
-- TOC entry 2893 (class 0 OID 0)
-- Dependencies: 210
-- Name: bills_id_seq; Type: SEQUENCE SET; Schema: public; Owner: postgres
--

SELECT pg_catalog.setval('public.bills_id_seq', 39, true);


--
-- TOC entry 2894 (class 0 OID 0)
-- Dependencies: 212
-- Name: blog_id_seq; Type: SEQUENCE SET; Schema: public; Owner: postgres
--

SELECT pg_catalog.setval('public.blog_id_seq', 12, true);


--
-- TOC entry 2895 (class 0 OID 0)
-- Dependencies: 203
-- Name: products_id_seq; Type: SEQUENCE SET; Schema: public; Owner: postgres
--

SELECT pg_catalog.setval('public.products_id_seq', 192, true);


--
-- TOC entry 2738 (class 2606 OID 73751)
-- Name: user_account User_account_pkey; Type: CONSTRAINT; Schema: public; Owner: postgres
--

ALTER TABLE ONLY public.user_account
    ADD CONSTRAINT "User_account_pkey" PRIMARY KEY (id);


--
-- TOC entry 2742 (class 2606 OID 90168)
-- Name: billdetail billdetail_pkey; Type: CONSTRAINT; Schema: public; Owner: postgres
--

ALTER TABLE ONLY public.billdetail
    ADD CONSTRAINT billdetail_pkey PRIMARY KEY (id);


--
-- TOC entry 2740 (class 2606 OID 90160)
-- Name: bills bills_pkey; Type: CONSTRAINT; Schema: public; Owner: postgres
--

ALTER TABLE ONLY public.bills
    ADD CONSTRAINT bills_pkey PRIMARY KEY (id);


--
-- TOC entry 2744 (class 2606 OID 139287)
-- Name: blog blog_pkey; Type: CONSTRAINT; Schema: public; Owner: postgres
--

ALTER TABLE ONLY public.blog
    ADD CONSTRAINT blog_pkey PRIMARY KEY (id);


--
-- TOC entry 2736 (class 2606 OID 40983)
-- Name: menus menu_pkey; Type: CONSTRAINT; Schema: public; Owner: postgres
--

ALTER TABLE ONLY public.menus
    ADD CONSTRAINT menu_pkey PRIMARY KEY (id);


--
-- TOC entry 2734 (class 2606 OID 73783)
-- Name: products products_pkey; Type: CONSTRAINT; Schema: public; Owner: postgres
--

ALTER TABLE ONLY public.products
    ADD CONSTRAINT products_pkey PRIMARY KEY (id);


--
-- TOC entry 2747 (class 2606 OID 98304)
-- Name: billdetail billdetail_id_bills_fkey; Type: FK CONSTRAINT; Schema: public; Owner: postgres
--

ALTER TABLE ONLY public.billdetail
    ADD CONSTRAINT billdetail_id_bills_fkey FOREIGN KEY (id_bills) REFERENCES public.bills(id);


--
-- TOC entry 2746 (class 2606 OID 90180)
-- Name: billdetail billdetail_id_product_fkey; Type: FK CONSTRAINT; Schema: public; Owner: postgres
--

ALTER TABLE ONLY public.billdetail
    ADD CONSTRAINT billdetail_id_product_fkey FOREIGN KEY (id_product) REFERENCES public.products(id);


--
-- TOC entry 2745 (class 2606 OID 131104)
-- Name: bills bills_id_users_fkey; Type: FK CONSTRAINT; Schema: public; Owner: postgres
--

ALTER TABLE ONLY public.bills
    ADD CONSTRAINT bills_id_users_fkey FOREIGN KEY (id_users) REFERENCES public.user_account(id);


-- Completed on 2021-07-02 21:05:14

--
-- PostgreSQL database dump complete
--

